Game Title,Front Page Info (Size/Version),front Page Info (Genre/Pub),Detail URL,ROM Format,File Size,Mirror Hoster,Redirect URL,Final Direct Link
Super Mario Party,1.1.1 + 2.78 GB,Nintendo + Nintendo Switch Games,https://switchroms.io/super-mario-party-nsp-xci-switch-rom-1/,NSP ROM,2.78 GB,Mediafire,https://switchroms.io/super-mario-party-nsp-xci-switch-rom-1/?download=0,https://www.mediafire.com/file/13vmp8vgw05977c/NSP+-+Super+Mario+Party+[010036B0034E4000][v0][switchroms.io].zip/file
Super Mario Party,1.1.1 + 2.78 GB,Nintendo + Nintendo Switch Games,https://switchroms.io/super-mario-party-nsp-xci-switch-rom-1/,NSP ROM,2.78 GB,Buzzheavier,https://switchroms.io/super-mario-party-nsp-xci-switch-rom-1/?download=1,https://buzzheavier.com/f/GTUjo7epAAA
Super Mario Party,1.1.1 + 2.78 GB,Nintendo + Nintendo Switch Games,https://switchroms.io/super-mario-party-nsp-xci-switch-rom-1/,NSP ROM,2.78 GB,1fichier,https://switchroms.io/super-mario-party-nsp-xci-switch-rom-1/?download=2,https://1fichier.com/?jmdeww3rfzo2bpe8hnio
Super Mario Party,1.1.1 + 2.78 GB,Nintendo + Nintendo Switch Games,https://switchroms.io/super-mario-party-nsp-xci-switch-rom-1/,NSP ROM,2.78 GB,Terabox,https://switchroms.io/super-mario-party-nsp-xci-switch-rom-1/?download=3,https://terabox.com/s/1zyK5WWVxX5P6uaQQuQcBfA
Super Mario Party,1.1.1 + 2.78 GB,Nintendo + Nintendo Switch Games,https://switchroms.io/super-mario-party-nsp-xci-switch-rom-1/,NSP ROM,2.78 GB,Megaup,https://switchroms.io/super-mario-party-nsp-xci-switch-rom-1/?download=4,https://megaup.net/b4b6c091a6916079496623e3497eed45/NSP_-_Super_Mario_Party_[010036B0034E4000][v0][switchroms.io].zip
Super Mario Party,1.1.1 + 2.78 GB,Nintendo + Nintendo Switch Games,https://switchroms.io/super-mario-party-nsp-xci-switch-rom-1/,NSP ROM,2.78 GB,Up-4ever,https://switchroms.io/super-mario-party-nsp-xci-switch-rom-1/?download=5,https://www.up-4ever.net/vdr22jxd2lrp
Super Mario Party,1.1.1 + 2.78 GB,Nintendo + Nintendo Switch Games,https://switchroms.io/super-mario-party-nsp-xci-switch-rom-1/,NSP ROM,2.78 GB,Send.cm,https://switchroms.io/super-mario-party-nsp-xci-switch-rom-1/?download=6,https://send.cm/tj2sdkt2qasn
Super Mario Party,1.1.1 + 2.78 GB,Nintendo + Nintendo Switch Games,https://switchroms.io/super-mario-party-nsp-xci-switch-rom-1/,XCI ROM,2.89 GB,Mediafire,https://switchroms.io/super-mario-party-nsp-xci-switch-rom-1/?download=7,https://www.mediafire.com/file/169ma2ghyc09mri/XCI+-+Super+Mario+Party+[010036B0034E4000]+[v1.1.0]_patched[switchroms.io].zip/file
Super Mario Party,1.1.1 + 2.78 GB,Nintendo + Nintendo Switch Games,https://switchroms.io/super-mario-party-nsp-xci-switch-rom-1/,XCI ROM,2.89 GB,Buzzheavier,https://switchroms.io/super-mario-party-nsp-xci-switch-rom-1/?download=8,https://buzzheavier.com/f/GTUjoM5pAAA
Super Mario Party,1.1.1 + 2.78 GB,Nintendo + Nintendo Switch Games,https://switchroms.io/super-mario-party-nsp-xci-switch-rom-1/,XCI ROM,2.89 GB,1fichier,https://switchroms.io/super-mario-party-nsp-xci-switch-rom-1/?download=9,https://1fichier.com/?vem1ydxrdkngk2qgw7u2
Super Mario Party,1.1.1 + 2.78 GB,Nintendo + Nintendo Switch Games,https://switchroms.io/super-mario-party-nsp-xci-switch-rom-1/,XCI ROM,2.89 GB,Terabox,https://switchroms.io/super-mario-party-nsp-xci-switch-rom-1/?download=10,https://terabox.com/s/1uWWGMWYoi0wgvkXPxp6Ovw
Super Mario Party,1.1.1 + 2.78 GB,Nintendo + Nintendo Switch Games,https://switchroms.io/super-mario-party-nsp-xci-switch-rom-1/,XCI ROM,2.89 GB,Megaup,https://switchroms.io/super-mario-party-nsp-xci-switch-rom-1/?download=11,https://megaup.net/3eb12d39cef8eb01063697bdf64494ec/XCI_-_Super_Mario_Party_[010036B0034E4000]+[v1.1.0]_patched[switchroms.io].zip
Super Mario Party,1.1.1 + 2.78 GB,Nintendo + Nintendo Switch Games,https://switchroms.io/super-mario-party-nsp-xci-switch-rom-1/,XCI ROM,2.89 GB,Up-4ever,https://switchroms.io/super-mario-party-nsp-xci-switch-rom-1/?download=12,https://www.up-4ever.net/dcwhv2q7ji9v
Super Mario Party,1.1.1 + 2.78 GB,Nintendo + Nintendo Switch Games,https://switchroms.io/super-mario-party-nsp-xci-switch-rom-1/,XCI ROM,2.89 GB,Send.cm,https://switchroms.io/super-mario-party-nsp-xci-switch-rom-1/?download=13,https://send.cm/4uqmoms9gxw7
Super Mario Party,1.1.1 + 2.78 GB,Nintendo + Nintendo Switch Games,https://switchroms.io/super-mario-party-nsp-xci-switch-rom-1/,[UPDATE] NSP ROM V1.1.1,32 MB,Mediafire,https://switchroms.io/super-mario-party-nsp-xci-switch-rom-1/?download=14,https://www.mediafire.com/file/s1tialof15u2seh/Update+-+Super+Mario+Party+Jamboree+[0100965017338800][v131072][US](switchroms.io).zip/file
Super Mario Party,1.1.1 + 2.78 GB,Nintendo + Nintendo Switch Games,https://switchroms.io/super-mario-party-nsp-xci-switch-rom-1/,[UPDATE] NSP ROM V1.1.1,32 MB,Buzzheavier,https://switchroms.io/super-mario-party-nsp-xci-switch-rom-1/?download=15,https://buzzheavier.com/4kvt1xvbq9bg
Super Mario Party,1.1.1 + 2.78 GB,Nintendo + Nintendo Switch Games,https://switchroms.io/super-mario-party-nsp-xci-switch-rom-1/,[UPDATE] NSP ROM V1.1.1,32 MB,Qiwi.gg,https://switchroms.io/super-mario-party-nsp-xci-switch-rom-1/?download=16,https://qiwi.gg/file/tt8L6135-Update-SuperMarioPartyJamboree0100965017338800v131072USswitchrom
Super Mario Party,1.1.1 + 2.78 GB,Nintendo + Nintendo Switch Games,https://switchroms.io/super-mario-party-nsp-xci-switch-rom-1/,[UPDATE] NSP ROM V1.1.1,32 MB,1fichier,https://switchroms.io/super-mario-party-nsp-xci-switch-rom-1/?download=17,https://1fichier.com/?g536pgbye1h284jszlmy
Super Mario Party,1.1.1 + 2.78 GB,Nintendo + Nintendo Switch Games,https://switchroms.io/super-mario-party-nsp-xci-switch-rom-1/,[UPDATE] NSP ROM V1.1.0,240 MB,Mediafire,https://switchroms.io/super-mario-party-nsp-xci-switch-rom-1/?download=18,https://www.mediafire.com/file/xu4ra0yjirb36tv/UPDATE+-+Super+Mario+Party+[010036B0034E4800][v131072][switchroms.io].zip/file
Super Mario Party,1.1.1 + 2.78 GB,Nintendo + Nintendo Switch Games,https://switchroms.io/super-mario-party-nsp-xci-switch-rom-1/,[UPDATE] NSP ROM V1.1.0,240 MB,Megaup,https://switchroms.io/super-mario-party-nsp-xci-switch-rom-1/?download=19,https://megaup.net/c5524a28f1a36681ecb9f25b2ac72d4e/UPDATE_-_Super_Mario_Party_[010036B0034E4800][v131072][switchroms.io].zip
Super Mario Party,1.1.1 + 2.78 GB,Nintendo + Nintendo Switch Games,https://switchroms.io/super-mario-party-nsp-xci-switch-rom-1/,[UPDATE] NSP ROM V1.1.0,240 MB,Buzzheavier,https://switchroms.io/super-mario-party-nsp-xci-switch-rom-1/?download=20,https://buzzheavier.com/f/GTTG5AApAAA
Super Mario Party,1.1.1 + 2.78 GB,Nintendo + Nintendo Switch Games,https://switchroms.io/super-mario-party-nsp-xci-switch-rom-1/,[UPDATE] NSP ROM V1.1.0,240 MB,1fichier,https://switchroms.io/super-mario-party-nsp-xci-switch-rom-1/?download=21,https://1fichier.com/?ioh5ll6jriyu88m9mwvd
Super Mario Party,1.1.1 + 2.78 GB,Nintendo + Nintendo Switch Games,https://switchroms.io/super-mario-party-nsp-xci-switch-rom-1/,[UPDATE] NSP ROM V1.1.0,240 MB,Up-4ever,https://switchroms.io/super-mario-party-nsp-xci-switch-rom-1/?download=22,https://www.up-4ever.net/klrzb8qwiw8h
Super Mario Party,1.1.1 + 2.78 GB,Nintendo + Nintendo Switch Games,https://switchroms.io/super-mario-party-nsp-xci-switch-rom-1/,[UPDATE] NSP ROM V1.1.0,240 MB,Terabox,https://switchroms.io/super-mario-party-nsp-xci-switch-rom-1/?download=23,https://terabox.com/s/13ZnlMgQiQ6yeYcPON33hQw
Super Mario Party,1.1.1 + 2.78 GB,Nintendo + Nintendo Switch Games,https://switchroms.io/super-mario-party-nsp-xci-switch-rom-1/,[UPDATE] NSP ROM V1.1.0,240 MB,Send.cm,https://switchroms.io/super-mario-party-nsp-xci-switch-rom-1/?download=24,https://send.cm/u64flxxiadu0
Super Mario 3D World + Bowser's Fury,1.1.0 + 2.87 GB,Nintendo + Action,https://switchroms.io/super-mario-3d-world-bowsers-fury-nsp-xci-switch-rom-5/,NSP ROM,2.87 GB,Mediafire,https://switchroms.io/super-mario-3d-world-bowsers-fury-nsp-xci-switch-rom-5/?download=0,https://www.mediafire.com/file/1mvfxabzyjh5548/NSP+-+Super+Mario+3D+World+++Bowser’s+Fury+[010028600EBDA000][v0][US][switchroms.io].zip/file
Super Mario 3D World + Bowser's Fury,1.1.0 + 2.87 GB,Nintendo + Action,https://switchroms.io/super-mario-3d-world-bowsers-fury-nsp-xci-switch-rom-5/,NSP ROM,2.87 GB,1fichier,https://switchroms.io/super-mario-3d-world-bowsers-fury-nsp-xci-switch-rom-5/?download=1,https://1fichier.com/?cfe64gd2xj08uupqfijr
Super Mario 3D World + Bowser's Fury,1.1.0 + 2.87 GB,Nintendo + Action,https://switchroms.io/super-mario-3d-world-bowsers-fury-nsp-xci-switch-rom-5/,NSP ROM,2.87 GB,Terabox,https://switchroms.io/super-mario-3d-world-bowsers-fury-nsp-xci-switch-rom-5/?download=2,https://terabox.com/s/16oTBdfVl4ETC5GWtig_wgg
Super Mario 3D World + Bowser's Fury,1.1.0 + 2.87 GB,Nintendo + Action,https://switchroms.io/super-mario-3d-world-bowsers-fury-nsp-xci-switch-rom-5/,NSP ROM,2.87 GB,Megaup,https://switchroms.io/super-mario-3d-world-bowsers-fury-nsp-xci-switch-rom-5/?download=3,https://megaup.net/278d88579ae6b4cb0c40454d0c9234b5/NSP_-_Super_Mario_3D_World_+_Bowsers_Fury_[010028600EBDA000][v0][US][switchroms.io].zip
Super Mario 3D World + Bowser's Fury,1.1.0 + 2.87 GB,Nintendo + Action,https://switchroms.io/super-mario-3d-world-bowsers-fury-nsp-xci-switch-rom-5/,NSP ROM,2.87 GB,Buzzheavier,https://switchroms.io/super-mario-3d-world-bowsers-fury-nsp-xci-switch-rom-5/?download=4,https://buzzheavier.com/f/GTUjo8npAAA
Super Mario 3D World + Bowser's Fury,1.1.0 + 2.87 GB,Nintendo + Action,https://switchroms.io/super-mario-3d-world-bowsers-fury-nsp-xci-switch-rom-5/,NSP ROM,2.87 GB,Up-4ever,https://switchroms.io/super-mario-3d-world-bowsers-fury-nsp-xci-switch-rom-5/?download=5,https://www.up-4ever.net/hpgog1r2r5xy
Super Mario 3D World + Bowser's Fury,1.1.0 + 2.87 GB,Nintendo + Action,https://switchroms.io/super-mario-3d-world-bowsers-fury-nsp-xci-switch-rom-5/,XCI ROM,3.18 GB,Mediafire,https://switchroms.io/super-mario-3d-world-bowsers-fury-nsp-xci-switch-rom-5/?download=6,https://www.mediafire.com/file/n1lajjlywl9zxzr/XCI+-+Super+Mario+3D+World+Bowsers+Fury+[010028600EBDA000][v0][switchroms.io].zip/file
Super Mario 3D World + Bowser's Fury,1.1.0 + 2.87 GB,Nintendo + Action,https://switchroms.io/super-mario-3d-world-bowsers-fury-nsp-xci-switch-rom-5/,XCI ROM,3.18 GB,1fichier,https://switchroms.io/super-mario-3d-world-bowsers-fury-nsp-xci-switch-rom-5/?download=7,https://1fichier.com/?7dabyqagap3pbzg7o1zf
Super Mario 3D World + Bowser's Fury,1.1.0 + 2.87 GB,Nintendo + Action,https://switchroms.io/super-mario-3d-world-bowsers-fury-nsp-xci-switch-rom-5/,XCI ROM,3.18 GB,Buzzheavier,https://switchroms.io/super-mario-3d-world-bowsers-fury-nsp-xci-switch-rom-5/?download=8,https://buzzheavier.com/f/GTUjo66pAAA
Super Mario 3D World + Bowser's Fury,1.1.0 + 2.87 GB,Nintendo + Action,https://switchroms.io/super-mario-3d-world-bowsers-fury-nsp-xci-switch-rom-5/,XCI ROM,3.18 GB,Terabox,https://switchroms.io/super-mario-3d-world-bowsers-fury-nsp-xci-switch-rom-5/?download=9,https://terabox.com/s/1E4uOjOmd9OBTTEmQnv9cYQ
Super Mario 3D World + Bowser's Fury,1.1.0 + 2.87 GB,Nintendo + Action,https://switchroms.io/super-mario-3d-world-bowsers-fury-nsp-xci-switch-rom-5/,XCI ROM,3.18 GB,Megaup,https://switchroms.io/super-mario-3d-world-bowsers-fury-nsp-xci-switch-rom-5/?download=10,https://megaup.net/01adbbe6b58272a8b5ab3e17f631c9e8/XCI_-_Super_Mario_3D_World_Bowsers_Fury_[010028600EBDA000][v0][switchroms.io].zip
Super Mario 3D World + Bowser's Fury,1.1.0 + 2.87 GB,Nintendo + Action,https://switchroms.io/super-mario-3d-world-bowsers-fury-nsp-xci-switch-rom-5/,XCI ROM,3.18 GB,Up-4ever,https://switchroms.io/super-mario-3d-world-bowsers-fury-nsp-xci-switch-rom-5/?download=11,https://www.up-4ever.net/gm4sjoq10mr6
Super Mario 3D World + Bowser's Fury,1.1.0 + 2.87 GB,Nintendo + Action,https://switchroms.io/super-mario-3d-world-bowsers-fury-nsp-xci-switch-rom-5/,[UPDATE] NSP ROM V1.1.0,90 MB,Mediafire,https://switchroms.io/super-mario-3d-world-bowsers-fury-nsp-xci-switch-rom-5/?download=12,https://www.mediafire.com/file/79z6pvnm9j0tnae/UPDATE+-+Super+Mario+3D+World+++Bowser’s+Fury+[010028600EBDA800][v65536][US][switchroms.io].zip/file
Super Mario 3D World + Bowser's Fury,1.1.0 + 2.87 GB,Nintendo + Action,https://switchroms.io/super-mario-3d-world-bowsers-fury-nsp-xci-switch-rom-5/,[UPDATE] NSP ROM V1.1.0,90 MB,Buzzheavier,https://switchroms.io/super-mario-3d-world-bowsers-fury-nsp-xci-switch-rom-5/?download=13,https://buzzheavier.com/f/GTTDFWWpAAA
Super Mario 3D World + Bowser's Fury,1.1.0 + 2.87 GB,Nintendo + Action,https://switchroms.io/super-mario-3d-world-bowsers-fury-nsp-xci-switch-rom-5/,[UPDATE] NSP ROM V1.1.0,90 MB,1fichier,https://switchroms.io/super-mario-3d-world-bowsers-fury-nsp-xci-switch-rom-5/?download=14,https://1fichier.com/?qx3gyisqggzbf1oeoc6u
Super Mario 3D World + Bowser's Fury,1.1.0 + 2.87 GB,Nintendo + Action,https://switchroms.io/super-mario-3d-world-bowsers-fury-nsp-xci-switch-rom-5/,[UPDATE] NSP ROM V1.1.0,90 MB,Megaup,https://switchroms.io/super-mario-3d-world-bowsers-fury-nsp-xci-switch-rom-5/?download=15,https://megaup.net/6ab58f84351132443dc02d49d9ec3873/UPDATE_-_Super_Mario_3D_World_+_Bowsers_Fury_[010028600EBDA800][v65536][US][switchroms.io].zip
Super Mario 3D World + Bowser's Fury,1.1.0 + 2.87 GB,Nintendo + Action,https://switchroms.io/super-mario-3d-world-bowsers-fury-nsp-xci-switch-rom-5/,[UPDATE] NSP ROM V1.1.0,90 MB,Terabox,https://switchroms.io/super-mario-3d-world-bowsers-fury-nsp-xci-switch-rom-5/?download=16,https://terabox.com/s/18X5nwMJeid4vPa33w34xUw
Super Mario 3D World + Bowser's Fury,1.1.0 + 2.87 GB,Nintendo + Action,https://switchroms.io/super-mario-3d-world-bowsers-fury-nsp-xci-switch-rom-5/,[UPDATE] NSP ROM V1.1.0,90 MB,Up-4ever,https://switchroms.io/super-mario-3d-world-bowsers-fury-nsp-xci-switch-rom-5/?download=17,https://www.up-4ever.net/l741ga86n6wk
Super Mario 3D World + Bowser's Fury,1.1.0 + 2.87 GB,Nintendo + Action,https://switchroms.io/super-mario-3d-world-bowsers-fury-nsp-xci-switch-rom-5/,Base + v1.1.0 [XCI],2.96 GB,Mediafire,https://switchroms.io/super-mario-3d-world-bowsers-fury-nsp-xci-switch-rom-5/?download=18,https://www.mediafire.com/file/5ir2dvm8npgld0i/XCI+-+Super+Mario+3D+World+++Bowser's+Fury+[010028600EBDA000]+[v1.1.0]_patched[switchroms.io].zip/file
Super Mario 3D World + Bowser's Fury,1.1.0 + 2.87 GB,Nintendo + Action,https://switchroms.io/super-mario-3d-world-bowsers-fury-nsp-xci-switch-rom-5/,Base + v1.1.0 [XCI],2.96 GB,Buzzheavier,https://switchroms.io/super-mario-3d-world-bowsers-fury-nsp-xci-switch-rom-5/?download=19,https://buzzheavier.com/f/GTUjo7mpAAA
Super Mario 3D World + Bowser's Fury,1.1.0 + 2.87 GB,Nintendo + Action,https://switchroms.io/super-mario-3d-world-bowsers-fury-nsp-xci-switch-rom-5/,Base + v1.1.0 [XCI],2.96 GB,1fichier,https://switchroms.io/super-mario-3d-world-bowsers-fury-nsp-xci-switch-rom-5/?download=20,https://1fichier.com/?f4k74nb5hv59tauoh1rf
Super Mario 3D World + Bowser's Fury,1.1.0 + 2.87 GB,Nintendo + Action,https://switchroms.io/super-mario-3d-world-bowsers-fury-nsp-xci-switch-rom-5/,Base + v1.1.0 [XCI],2.96 GB,Megaup,https://switchroms.io/super-mario-3d-world-bowsers-fury-nsp-xci-switch-rom-5/?download=21,https://megaup.net/121fa13a9beee8a7049dde073e8b7555/XCI_-_Super_Mario_3D_World_+_Bowser_s_Fury_[010028600EBDA000]+[v1.1.0]_patched[switchroms.io].zip
Super Mario 3D World + Bowser's Fury,1.1.0 + 2.87 GB,Nintendo + Action,https://switchroms.io/super-mario-3d-world-bowsers-fury-nsp-xci-switch-rom-5/,Base + v1.1.0 [XCI],2.96 GB,Terabox,https://switchroms.io/super-mario-3d-world-bowsers-fury-nsp-xci-switch-rom-5/?download=22,https://terabox.com/s/17kfTdHPh4WjqGfQKxU1dYg
Super Mario 3D World + Bowser's Fury,1.1.0 + 2.87 GB,Nintendo + Action,https://switchroms.io/super-mario-3d-world-bowsers-fury-nsp-xci-switch-rom-5/,Base + v1.1.0 [XCI],2.96 GB,Up-4ever,https://switchroms.io/super-mario-3d-world-bowsers-fury-nsp-xci-switch-rom-5/?download=23,https://www.up-4ever.net/lpuwsonbxoct
Super Mario Odyssey,1.3.0 + 5.2 GB,Nintendo + Action,https://switchroms.io/super-mario-odyssey-nsp-xci-switch-rom-1a/,NSP ROM,5.2 GB,1fichier,https://switchroms.io/super-mario-odyssey-nsp-xci-switch-rom-1a/?download=0,https://1fichier.com/?uhoucqzb1iff94p89hu0
Super Mario Odyssey,1.3.0 + 5.2 GB,Nintendo + Action,https://switchroms.io/super-mario-odyssey-nsp-xci-switch-rom-1a/,NSP ROM,5.2 GB,Buzzheavier,https://switchroms.io/super-mario-odyssey-nsp-xci-switch-rom-1a/?download=1,https://buzzheavier.com/f/GTPl-gupAAA
Super Mario Odyssey,1.3.0 + 5.2 GB,Nintendo + Action,https://switchroms.io/super-mario-odyssey-nsp-xci-switch-rom-1a/,NSP ROM,5.2 GB,Up-4ever,https://switchroms.io/super-mario-odyssey-nsp-xci-switch-rom-1a/?download=2,https://www.up-4ever.net/h0avwpnxutsw
Super Mario Odyssey,1.3.0 + 5.2 GB,Nintendo + Action,https://switchroms.io/super-mario-odyssey-nsp-xci-switch-rom-1a/,NSP ROM,5.2 GB,Send.cm,https://switchroms.io/super-mario-odyssey-nsp-xci-switch-rom-1a/?download=3,https://send.cm/79g51qkw6l4f
Super Mario Odyssey,1.3.0 + 5.2 GB,Nintendo + Action,https://switchroms.io/super-mario-odyssey-nsp-xci-switch-rom-1a/,XCI ROM,5.6 GB,1fichier,https://switchroms.io/super-mario-odyssey-nsp-xci-switch-rom-1a/?download=4,https://1fichier.com/?0zf9qkfa4ic4nljpjyfo
Super Mario Odyssey,1.3.0 + 5.2 GB,Nintendo + Action,https://switchroms.io/super-mario-odyssey-nsp-xci-switch-rom-1a/,XCI ROM,5.6 GB,Buzzheavier,https://switchroms.io/super-mario-odyssey-nsp-xci-switch-rom-1a/?download=5,https://buzzheavier.com/f/GTPl-gSpAAA
Super Mario Odyssey,1.3.0 + 5.2 GB,Nintendo + Action,https://switchroms.io/super-mario-odyssey-nsp-xci-switch-rom-1a/,XCI ROM,5.6 GB,Send.cm,https://switchroms.io/super-mario-odyssey-nsp-xci-switch-rom-1a/?download=6,https://send.cm/7vrrry70dqje
Super Mario Odyssey,1.3.0 + 5.2 GB,Nintendo + Action,https://switchroms.io/super-mario-odyssey-nsp-xci-switch-rom-1a/,XCI ROM,5.6 GB,Up-4ever,https://switchroms.io/super-mario-odyssey-nsp-xci-switch-rom-1a/?download=7,https://www.up-4ever.net/zw16vu5mqagq
Super Mario Odyssey,1.3.0 + 5.2 GB,Nintendo + Action,https://switchroms.io/super-mario-odyssey-nsp-xci-switch-rom-1a/,[UPDATE] NSP ROM V1.3.0,600 MB,Mediafire,https://switchroms.io/super-mario-odyssey-nsp-xci-switch-rom-1a/?download=8,https://www.mediafire.com/file/ba9bhs419u4qbf3/UPDATE+-+Super+Mario+Odysseyv262144+[switchroms.io].zip/file
Super Mario Odyssey,1.3.0 + 5.2 GB,Nintendo + Action,https://switchroms.io/super-mario-odyssey-nsp-xci-switch-rom-1a/,[UPDATE] NSP ROM V1.3.0,600 MB,1fichier,https://switchroms.io/super-mario-odyssey-nsp-xci-switch-rom-1a/?download=9,https://1fichier.com/?vevlqizdi2fhb7s99jtm
Super Mario Odyssey,1.3.0 + 5.2 GB,Nintendo + Action,https://switchroms.io/super-mario-odyssey-nsp-xci-switch-rom-1a/,[UPDATE] NSP ROM V1.3.0,600 MB,Buzzheavier,https://switchroms.io/super-mario-odyssey-nsp-xci-switch-rom-1a/?download=10,https://buzzheavier.com/f/GTPl-hSpAAA
Super Mario Odyssey,1.3.0 + 5.2 GB,Nintendo + Action,https://switchroms.io/super-mario-odyssey-nsp-xci-switch-rom-1a/,[UPDATE] NSP ROM V1.3.0,600 MB,Terabox,https://switchroms.io/super-mario-odyssey-nsp-xci-switch-rom-1a/?download=11,https://terabox.com/s/1TakOOtm5jyhJDFxXcK765w
Super Mario Odyssey,1.3.0 + 5.2 GB,Nintendo + Action,https://switchroms.io/super-mario-odyssey-nsp-xci-switch-rom-1a/,[UPDATE] NSP ROM V1.3.0,600 MB,Megaup,https://switchroms.io/super-mario-odyssey-nsp-xci-switch-rom-1a/?download=12,https://megaup.net/283aab7d247f6287d799d8e8825da60a/UPDATE_-_Super_Mario_Odysseyv262144_[switchroms.io].zip
Super Mario Odyssey,1.3.0 + 5.2 GB,Nintendo + Action,https://switchroms.io/super-mario-odyssey-nsp-xci-switch-rom-1a/,[UPDATE] NSP ROM V1.3.0,600 MB,Filefactory,https://switchroms.io/super-mario-odyssey-nsp-xci-switch-rom-1a/?download=13,https://www.filefactory.com/file/5ytgrtbjwuu0/UPDATE-SuperMarioOdysseyv262144switchroms.io.zip
Super Mario Odyssey,1.3.0 + 5.2 GB,Nintendo + Action,https://switchroms.io/super-mario-odyssey-nsp-xci-switch-rom-1a/,[UPDATE] NSP ROM V1.3.0,600 MB,Send.cm,https://switchroms.io/super-mario-odyssey-nsp-xci-switch-rom-1a/?download=14,https://send.cm/y33uqzmgzvt3
New Super Mario Bros. U Deluxe,1.0 + 2.5 GB,Nintendo + Action,https://switchroms.io/new-super-mario-bros-u-deluxe-nsp-xci-switch-rom-1/,NSP ROM,2.5 GB,Mediafire,https://switchroms.io/new-super-mario-bros-u-deluxe-nsp-xci-switch-rom-1/?download=0,https://www.mediafire.com/file/v8lkf4a1my1i523/NSP+-+New+Super+Mario+Bros+U+Deluxe+[0100EA80032EA000][v0][switchroms.io].zip/file
New Super Mario Bros. U Deluxe,1.0 + 2.5 GB,Nintendo + Action,https://switchroms.io/new-super-mario-bros-u-deluxe-nsp-xci-switch-rom-1/,NSP ROM,2.5 GB,1fichier,https://switchroms.io/new-super-mario-bros-u-deluxe-nsp-xci-switch-rom-1/?download=1,https://1fichier.com/?4kaao3c10h9olsdplybp
New Super Mario Bros. U Deluxe,1.0 + 2.5 GB,Nintendo + Action,https://switchroms.io/new-super-mario-bros-u-deluxe-nsp-xci-switch-rom-1/,NSP ROM,2.5 GB,Megaup,https://switchroms.io/new-super-mario-bros-u-deluxe-nsp-xci-switch-rom-1/?download=2,https://megaup.net/54145a10215e4e16b024a28fa381c1a5/NSP_-_New_Super_Mario_Bros_U_Deluxe_[0100EA80032EA000][v0][switchroms.io].zip
New Super Mario Bros. U Deluxe,1.0 + 2.5 GB,Nintendo + Action,https://switchroms.io/new-super-mario-bros-u-deluxe-nsp-xci-switch-rom-1/,NSP ROM,2.5 GB,Buzzheavier,https://switchroms.io/new-super-mario-bros-u-deluxe-nsp-xci-switch-rom-1/?download=3,https://buzzheavier.com/f/GTL5PmppAAA
New Super Mario Bros. U Deluxe,1.0 + 2.5 GB,Nintendo + Action,https://switchroms.io/new-super-mario-bros-u-deluxe-nsp-xci-switch-rom-1/,NSP ROM,2.5 GB,Terabox,https://switchroms.io/new-super-mario-bros-u-deluxe-nsp-xci-switch-rom-1/?download=4,https://terabox.com/s/1B5cShf06oCBXquLPRcxyFw
New Super Mario Bros. U Deluxe,1.0 + 2.5 GB,Nintendo + Action,https://switchroms.io/new-super-mario-bros-u-deluxe-nsp-xci-switch-rom-1/,NSP ROM,2.5 GB,Send.cm,https://switchroms.io/new-super-mario-bros-u-deluxe-nsp-xci-switch-rom-1/?download=5,https://send.cm/avctbmdbmey1
New Super Mario Bros. U Deluxe,1.0 + 2.5 GB,Nintendo + Action,https://switchroms.io/new-super-mario-bros-u-deluxe-nsp-xci-switch-rom-1/,NSP ROM,2.5 GB,Up-4ever,https://switchroms.io/new-super-mario-bros-u-deluxe-nsp-xci-switch-rom-1/?download=6,https://www.up-4ever.net/rpxcnljntpto
Super Mario Maker 2,3.0.3 + 2.81 GB,Nintendo + Action,https://switchroms.io/super-mario-maker-2-nsp-xci-switch-rom-1/,NSP ROM,2.81 GB,Mediafire,https://switchroms.io/super-mario-maker-2-nsp-xci-switch-rom-1/?download=0,https://www.mediafire.com/file/3us9n9co466dorw/NSP+-+Super+Mario+Maker+2+[01009B90006DC000][v0][switchroms.io].zip/file
Super Mario Maker 2,3.0.3 + 2.81 GB,Nintendo + Action,https://switchroms.io/super-mario-maker-2-nsp-xci-switch-rom-1/,NSP ROM,2.81 GB,1fichier,https://switchroms.io/super-mario-maker-2-nsp-xci-switch-rom-1/?download=1,https://1fichier.com/?u421pmttb2feg3gnd3ee
Super Mario Maker 2,3.0.3 + 2.81 GB,Nintendo + Action,https://switchroms.io/super-mario-maker-2-nsp-xci-switch-rom-1/,NSP ROM,2.81 GB,Terabox,https://switchroms.io/super-mario-maker-2-nsp-xci-switch-rom-1/?download=2,https://terabox.com/s/1T6NDPFNPLyqOhU8GOGsrVg
Super Mario Maker 2,3.0.3 + 2.81 GB,Nintendo + Action,https://switchroms.io/super-mario-maker-2-nsp-xci-switch-rom-1/,NSP ROM,2.81 GB,Megaup,https://switchroms.io/super-mario-maker-2-nsp-xci-switch-rom-1/?download=3,https://megaup.net/9bcc792e5f3b5f5a5475f05f19f4349f/NSP_-_Super_Mario_Maker_2_[01009B90006DC000][v0][switchroms.io].zip
Super Mario Maker 2,3.0.3 + 2.81 GB,Nintendo + Action,https://switchroms.io/super-mario-maker-2-nsp-xci-switch-rom-1/,NSP ROM,2.81 GB,Send.cm,https://switchroms.io/super-mario-maker-2-nsp-xci-switch-rom-1/?download=4,https://send.cm/qa0ugw6b12oh
Super Mario Maker 2,3.0.3 + 2.81 GB,Nintendo + Action,https://switchroms.io/super-mario-maker-2-nsp-xci-switch-rom-1/,NSP ROM,2.81 GB,Buzzheavier,https://switchroms.io/super-mario-maker-2-nsp-xci-switch-rom-1/?download=5,https://buzzheavier.com/f/GTKbdWspAAA
Super Mario Maker 2,3.0.3 + 2.81 GB,Nintendo + Action,https://switchroms.io/super-mario-maker-2-nsp-xci-switch-rom-1/,NSP ROM,2.81 GB,Up-4ever,https://switchroms.io/super-mario-maker-2-nsp-xci-switch-rom-1/?download=6,https://www.up-4ever.net/x9tx632mb2nx
Super Mario Maker 2,3.0.3 + 2.81 GB,Nintendo + Action,https://switchroms.io/super-mario-maker-2-nsp-xci-switch-rom-1/,XCI ROM,3.07 GB,Mediafire,https://switchroms.io/super-mario-maker-2-nsp-xci-switch-rom-1/?download=7,https://www.mediafire.com/file/80gtc61h1unepfs/XCI+-+Super+Mario+Maker+2+[USA]+[01009B90006DC000][switchroms.io].zip/file
Super Mario Maker 2,3.0.3 + 2.81 GB,Nintendo + Action,https://switchroms.io/super-mario-maker-2-nsp-xci-switch-rom-1/,XCI ROM,3.07 GB,1fichier,https://switchroms.io/super-mario-maker-2-nsp-xci-switch-rom-1/?download=8,https://1fichier.com/?w6qx5qwc3wyulji4dpr8
Super Mario Maker 2,3.0.3 + 2.81 GB,Nintendo + Action,https://switchroms.io/super-mario-maker-2-nsp-xci-switch-rom-1/,XCI ROM,3.07 GB,Terabox,https://switchroms.io/super-mario-maker-2-nsp-xci-switch-rom-1/?download=9,https://terabox.com/s/1i92a0XVRB5oKNDgBIuBL-g
Super Mario Maker 2,3.0.3 + 2.81 GB,Nintendo + Action,https://switchroms.io/super-mario-maker-2-nsp-xci-switch-rom-1/,XCI ROM,3.07 GB,Megaup,https://switchroms.io/super-mario-maker-2-nsp-xci-switch-rom-1/?download=10,https://megaup.net/988d68f481f77e35e21ec43ed3714b45/XCI_-_Super_Mario_Maker_2_[USA]_[01009B90006DC000][switchroms.io].zip
Super Mario Maker 2,3.0.3 + 2.81 GB,Nintendo + Action,https://switchroms.io/super-mario-maker-2-nsp-xci-switch-rom-1/,XCI ROM,3.07 GB,Buzzheavier,https://switchroms.io/super-mario-maker-2-nsp-xci-switch-rom-1/?download=11,https://buzzheavier.com/f/GTKbdS6pAAA
Super Mario Maker 2,3.0.3 + 2.81 GB,Nintendo + Action,https://switchroms.io/super-mario-maker-2-nsp-xci-switch-rom-1/,XCI ROM,3.07 GB,Send.cm,https://switchroms.io/super-mario-maker-2-nsp-xci-switch-rom-1/?download=12,https://send.cm/ay3481wmzb4g
Super Mario Maker 2,3.0.3 + 2.81 GB,Nintendo + Action,https://switchroms.io/super-mario-maker-2-nsp-xci-switch-rom-1/,XCI ROM,3.07 GB,Up-4ever,https://switchroms.io/super-mario-maker-2-nsp-xci-switch-rom-1/?download=13,https://www.up-4ever.net/kihj92zu4fjq
Super Mario Maker 2,3.0.3 + 2.81 GB,Nintendo + Action,https://switchroms.io/super-mario-maker-2-nsp-xci-switch-rom-1/,[UPDATE] NSP ROM V3.0.3,240 MB,Mediafire,https://switchroms.io/super-mario-maker-2-nsp-xci-switch-rom-1/?download=14,https://www.mediafire.com/file/fwc18yq9ape7w9h/UPDATE+-+Super+Mario+Maker+2+[01009B90006DC800][v458752][switchroms.io].zip/file
Super Mario Maker 2,3.0.3 + 2.81 GB,Nintendo + Action,https://switchroms.io/super-mario-maker-2-nsp-xci-switch-rom-1/,[UPDATE] NSP ROM V3.0.3,240 MB,1fichier,https://switchroms.io/super-mario-maker-2-nsp-xci-switch-rom-1/?download=15,https://1fichier.com/?hmj2nr0bwyz7w4g3urst
Super Mario Maker 2,3.0.3 + 2.81 GB,Nintendo + Action,https://switchroms.io/super-mario-maker-2-nsp-xci-switch-rom-1/,[UPDATE] NSP ROM V3.0.3,240 MB,Terabox,https://switchroms.io/super-mario-maker-2-nsp-xci-switch-rom-1/?download=16,https://terabox.com/s/1xdltKmtMnvC4tli_DftwCA
Super Mario Maker 2,3.0.3 + 2.81 GB,Nintendo + Action,https://switchroms.io/super-mario-maker-2-nsp-xci-switch-rom-1/,[UPDATE] NSP ROM V3.0.3,240 MB,Megaup,https://switchroms.io/super-mario-maker-2-nsp-xci-switch-rom-1/?download=17,https://megaup.net/608c1043d89a67f615527e1dcb6e348c/UPDATE_-_Super_Mario_Maker_2_[01009B90006DC800][v458752][switchroms.io].zip
Super Mario Maker 2,3.0.3 + 2.81 GB,Nintendo + Action,https://switchroms.io/super-mario-maker-2-nsp-xci-switch-rom-1/,[UPDATE] NSP ROM V3.0.3,240 MB,Send.cm,https://switchroms.io/super-mario-maker-2-nsp-xci-switch-rom-1/?download=18,https://send.cm/vkzk96l73voi
Super Mario Maker 2,3.0.3 + 2.81 GB,Nintendo + Action,https://switchroms.io/super-mario-maker-2-nsp-xci-switch-rom-1/,[UPDATE] NSP ROM V3.0.3,240 MB,Buzzheavier,https://switchroms.io/super-mario-maker-2-nsp-xci-switch-rom-1/?download=19,https://buzzheavier.com/f/GTKbdUCpAAA
Super Mario Maker 2,3.0.3 + 2.81 GB,Nintendo + Action,https://switchroms.io/super-mario-maker-2-nsp-xci-switch-rom-1/,[UPDATE] NSP ROM V3.0.3,240 MB,Up-4ever,https://switchroms.io/super-mario-maker-2-nsp-xci-switch-rom-1/?download=20,https://www.up-4ever.net/zwlxl04wa5k5
Super Mario RPG,1.0.1 + 6.4 GB,Nintendo + Role Playing,https://switchroms.io/super-mario-rpg-nsp-xci-switch-rom-1/,NSP ROM,6.4 GB,Mediafire,https://switchroms.io/super-mario-rpg-nsp-xci-switch-rom-1/?download=0,https://www.mediafire.com/file/oamdchwipw6ftw5/NSP+-+Super+Mario+RPG+[0100BC0018138000][v0][switchroms.io].zip/file
Super Mario RPG,1.0.1 + 6.4 GB,Nintendo + Role Playing,https://switchroms.io/super-mario-rpg-nsp-xci-switch-rom-1/,NSP ROM,6.4 GB,Up-4ever,https://switchroms.io/super-mario-rpg-nsp-xci-switch-rom-1/?download=1,https://www.up-4ever.net/xbl6k55m82sh
Super Mario RPG,1.0.1 + 6.4 GB,Nintendo + Role Playing,https://switchroms.io/super-mario-rpg-nsp-xci-switch-rom-1/,NSP ROM,6.4 GB,1fichier,https://switchroms.io/super-mario-rpg-nsp-xci-switch-rom-1/?download=2,https://1fichier.com/?o9ua67dho9o3plh2q4fw
Super Mario RPG,1.0.1 + 6.4 GB,Nintendo + Role Playing,https://switchroms.io/super-mario-rpg-nsp-xci-switch-rom-1/,NSP ROM,6.4 GB,Send.cm,https://switchroms.io/super-mario-rpg-nsp-xci-switch-rom-1/?download=3,https://send.cm/qiclje457hsb
Super Mario RPG,1.0.1 + 6.4 GB,Nintendo + Role Playing,https://switchroms.io/super-mario-rpg-nsp-xci-switch-rom-1/,XCI ROM,6.4 GB,Mediafire,https://switchroms.io/super-mario-rpg-nsp-xci-switch-rom-1/?download=4,https://www.mediafire.com/file/qvlxfozj2dz82t6/XCI+-+Super+Mario+RPG+[0100BC0018138000][v0][Base][switchroms.io].zip/file
Super Mario RPG,1.0.1 + 6.4 GB,Nintendo + Role Playing,https://switchroms.io/super-mario-rpg-nsp-xci-switch-rom-1/,XCI ROM,6.4 GB,1fichier,https://switchroms.io/super-mario-rpg-nsp-xci-switch-rom-1/?download=5,https://1fichier.com/?131gex34tmd4p5euud5f
Super Mario RPG,1.0.1 + 6.4 GB,Nintendo + Role Playing,https://switchroms.io/super-mario-rpg-nsp-xci-switch-rom-1/,XCI ROM,6.4 GB,Send.cm,https://switchroms.io/super-mario-rpg-nsp-xci-switch-rom-1/?download=6,https://send.cm/md79493zemlw
Super Mario RPG,1.0.1 + 6.4 GB,Nintendo + Role Playing,https://switchroms.io/super-mario-rpg-nsp-xci-switch-rom-1/,XCI ROM,6.4 GB,Buzzheavier,https://switchroms.io/super-mario-rpg-nsp-xci-switch-rom-1/?download=7,https://buzzheavier.com/f/GTGiQ4OpAAA
Super Mario RPG,1.0.1 + 6.4 GB,Nintendo + Role Playing,https://switchroms.io/super-mario-rpg-nsp-xci-switch-rom-1/,XCI ROM,6.4 GB,Up-4ever,https://switchroms.io/super-mario-rpg-nsp-xci-switch-rom-1/?download=8,https://www.up-4ever.net/aaly1oebbx5t
Super Mario RPG,1.0.1 + 6.4 GB,Nintendo + Role Playing,https://switchroms.io/super-mario-rpg-nsp-xci-switch-rom-1/,[UPDATE] NSP ROM V1.0.1,125 MB,Megaup,https://switchroms.io/super-mario-rpg-nsp-xci-switch-rom-1/?download=9,https://megaup.net/c36690fa161a561a25bae737addae182/UPDATE_-_Super_Mario_RPG_[0100BC0018138800][v65536][switchroms.io].zip
Super Mario RPG,1.0.1 + 6.4 GB,Nintendo + Role Playing,https://switchroms.io/super-mario-rpg-nsp-xci-switch-rom-1/,[UPDATE] NSP ROM V1.0.1,125 MB,Terabox,https://switchroms.io/super-mario-rpg-nsp-xci-switch-rom-1/?download=10,https://terabox.com/s/11h-xg3CisQEYqSNPfcV_sQ
Super Mario RPG,1.0.1 + 6.4 GB,Nintendo + Role Playing,https://switchroms.io/super-mario-rpg-nsp-xci-switch-rom-1/,[UPDATE] NSP ROM V1.0.1,125 MB,Buzzheavier,https://switchroms.io/super-mario-rpg-nsp-xci-switch-rom-1/?download=11,https://buzzheavier.com/f/GTGgloPpAAA
Super Mario RPG,1.0.1 + 6.4 GB,Nintendo + Role Playing,https://switchroms.io/super-mario-rpg-nsp-xci-switch-rom-1/,[UPDATE] NSP ROM V1.0.1,125 MB,Send.cm,https://switchroms.io/super-mario-rpg-nsp-xci-switch-rom-1/?download=12,https://send.cm/1mul7jw07s4z
Super Mario RPG,1.0.1 + 6.4 GB,Nintendo + Role Playing,https://switchroms.io/super-mario-rpg-nsp-xci-switch-rom-1/,[UPDATE] NSP ROM V1.0.1,125 MB,1fichier,https://switchroms.io/super-mario-rpg-nsp-xci-switch-rom-1/?download=13,https://1fichier.com/?9427ve8lrtj4axie70xr
Super Mario RPG,1.0.1 + 6.4 GB,Nintendo + Role Playing,https://switchroms.io/super-mario-rpg-nsp-xci-switch-rom-1/,[UPDATE] NSP ROM V1.0.1,125 MB,Up-4ever,https://switchroms.io/super-mario-rpg-nsp-xci-switch-rom-1/?download=14,https://www.up-4ever.net/vxz8h1j4reqk
Super Mario Bros. Wonder,1.0.1 + 3.51 GB,Nintendo + Action,https://switchroms.io/super-mario-bros-wonder-nsp-1a/,NSP ROM,3.51 GB,Megaup,https://switchroms.io/super-mario-bros-wonder-nsp-1a/?download=0,https://megaup.net/cca40b712e09c92f6413a9c0351fc63a/NSP_-_Super_Mario_Bros._Wonder[010015100B514000][v0][US][switchroms.io].zip
Super Mario Bros. Wonder,1.0.1 + 3.51 GB,Nintendo + Action,https://switchroms.io/super-mario-bros-wonder-nsp-1a/,NSP ROM,3.51 GB,1fichier,https://switchroms.io/super-mario-bros-wonder-nsp-1a/?download=1,https://1fichier.com/?umbh1esc3qd93jg7ab0i
Super Mario Bros. Wonder,1.0.1 + 3.51 GB,Nintendo + Action,https://switchroms.io/super-mario-bros-wonder-nsp-1a/,NSP ROM,3.51 GB,Send.cm,https://switchroms.io/super-mario-bros-wonder-nsp-1a/?download=2,https://send.cm/d/19rLJ
Super Mario Bros. Wonder,1.0.1 + 3.51 GB,Nintendo + Action,https://switchroms.io/super-mario-bros-wonder-nsp-1a/,NSP ROM,3.51 GB,Up-4ever,https://switchroms.io/super-mario-bros-wonder-nsp-1a/?download=3,https://www.up-4ever.net/fmy0pya6q499
Super Mario Bros. Wonder,1.0.1 + 3.51 GB,Nintendo + Action,https://switchroms.io/super-mario-bros-wonder-nsp-1a/,XCI ROM,3.51 GB,1fichier,https://switchroms.io/super-mario-bros-wonder-nsp-1a/?download=4,https://1fichier.com/?udp43cpj31i2wptdlg9k
Super Mario Bros. Wonder,1.0.1 + 3.51 GB,Nintendo + Action,https://switchroms.io/super-mario-bros-wonder-nsp-1a/,XCI ROM,3.51 GB,Megaup,https://switchroms.io/super-mario-bros-wonder-nsp-1a/?download=5,https://megaup.net/341f43e1374ea30319dc46bad6c9c518/XCI_-_Super_Mario_Bros._Wonder_[010015100B514000][v0][US][switchroms.io].zip
Super Mario Bros. Wonder,1.0.1 + 3.51 GB,Nintendo + Action,https://switchroms.io/super-mario-bros-wonder-nsp-1a/,XCI ROM,3.51 GB,Send.cm,https://switchroms.io/super-mario-bros-wonder-nsp-1a/?download=6,https://send.cm/d/19rKn
Super Mario Bros. Wonder,1.0.1 + 3.51 GB,Nintendo + Action,https://switchroms.io/super-mario-bros-wonder-nsp-1a/,XCI ROM,3.51 GB,Up-4ever,https://switchroms.io/super-mario-bros-wonder-nsp-1a/?download=7,https://www.up-4ever.net/luiqmtjmnkyr
Super Mario Bros. Wonder,1.0.1 + 3.51 GB,Nintendo + Action,https://switchroms.io/super-mario-bros-wonder-nsp-1a/,[UPDATE] NSP ROM V1.0.1,55 MB,Send.cm,https://switchroms.io/super-mario-bros-wonder-nsp-1a/?download=8,https://send.cm/d/19r2t
Super Mario Bros. Wonder,1.0.1 + 3.51 GB,Nintendo + Action,https://switchroms.io/super-mario-bros-wonder-nsp-1a/,[UPDATE] NSP ROM V1.0.1,55 MB,Up-4ever,https://switchroms.io/super-mario-bros-wonder-nsp-1a/?download=9,https://www.up-4ever.net/4bvh56xw315y
Super Mario Bros. Wonder,1.0.1 + 3.51 GB,Nintendo + Action,https://switchroms.io/super-mario-bros-wonder-nsp-1a/,[UPDATE] NSP ROM V1.0.1,55 MB,1fichier,https://switchroms.io/super-mario-bros-wonder-nsp-1a/?download=10,https://1fichier.com/?pzhchf7m7ejxapfefdl5
Super Mario Bros. Wonder,1.0.1 + 3.51 GB,Nintendo + Action,https://switchroms.io/super-mario-bros-wonder-nsp-1a/,[UPDATE] NSP ROM V1.0.1,55 MB,Buzzheavier,https://switchroms.io/super-mario-bros-wonder-nsp-1a/?download=11,https://buzzheavier.com/f/GQ6UQbgyoAA=
Super Mario Bros. Wonder,1.0.1 + 3.51 GB,Nintendo + Action,https://switchroms.io/super-mario-bros-wonder-nsp-1a/,Signature Patches [SigPatches],52.89KB,Unknown,https://switchroms.io/super-mario-bros-wonder-nsp-1a/?download=12,https://mega.nz/file/1sFVmYbD#GQeVsUlktPdMC7lHkNrTxogkMMgG2v72cwpmnLRY8SM
Mario Party Superstars,1.1.1 + 2.72 GB,Nintendo + Party,https://switchroms.io/mario-party-superstars-nsp-xci-switch-rom-1/,NSP ROM,2.72 GB,Mediafire,https://switchroms.io/mario-party-superstars-nsp-xci-switch-rom-1/?download=0,https://www.mediafire.com/file/9iuyn7hrlebovfw/NSP+-+Mario+Party+Superstars[01006FE013472000][v0][switchroms.io].zip/file
Mario Party Superstars,1.1.1 + 2.72 GB,Nintendo + Party,https://switchroms.io/mario-party-superstars-nsp-xci-switch-rom-1/,NSP ROM,2.72 GB,Buzzheavier,https://switchroms.io/mario-party-superstars-nsp-xci-switch-rom-1/?download=1,https://buzzheavier.com/f/GTUphUdpAAA
Mario Party Superstars,1.1.1 + 2.72 GB,Nintendo + Party,https://switchroms.io/mario-party-superstars-nsp-xci-switch-rom-1/,NSP ROM,2.72 GB,Megaup,https://switchroms.io/mario-party-superstars-nsp-xci-switch-rom-1/?download=2,https://megaup.net/8d50f7f3613172af98b52177a2ffe211/NSP_-_Mario_Party_Superstars[01006FE013472000][v0][switchroms.io].zip
Mario Party Superstars,1.1.1 + 2.72 GB,Nintendo + Party,https://switchroms.io/mario-party-superstars-nsp-xci-switch-rom-1/,NSP ROM,2.72 GB,1fichier,https://switchroms.io/mario-party-superstars-nsp-xci-switch-rom-1/?download=3,https://1fichier.com/?sqk5gwbzgoksoh825kzp
Mario Party Superstars,1.1.1 + 2.72 GB,Nintendo + Party,https://switchroms.io/mario-party-superstars-nsp-xci-switch-rom-1/,NSP ROM,2.72 GB,Terabox,https://switchroms.io/mario-party-superstars-nsp-xci-switch-rom-1/?download=4,https://terabox.com/s/1GhzckeZj3Qcrw698qiZopQ
Mario Party Superstars,1.1.1 + 2.72 GB,Nintendo + Party,https://switchroms.io/mario-party-superstars-nsp-xci-switch-rom-1/,NSP ROM,2.72 GB,Send.cm,https://switchroms.io/mario-party-superstars-nsp-xci-switch-rom-1/?download=5,https://send.cm/lpjh2f5zhzg2
Mario Party Superstars,1.1.1 + 2.72 GB,Nintendo + Party,https://switchroms.io/mario-party-superstars-nsp-xci-switch-rom-1/,XCI ROM,3.03 GB,Mediafire,https://switchroms.io/mario-party-superstars-nsp-xci-switch-rom-1/?download=6,https://www.mediafire.com/file/ery2e9vy27oxppk/XCI+-+Mario+Party+Superstars+[01006FE013472000][v0][switchroms.io].zip/file
Mario Party Superstars,1.1.1 + 2.72 GB,Nintendo + Party,https://switchroms.io/mario-party-superstars-nsp-xci-switch-rom-1/,XCI ROM,3.03 GB,Buzzheavier,https://switchroms.io/mario-party-superstars-nsp-xci-switch-rom-1/?download=7,https://buzzheavier.com/f/GTUphU-pAAA
Mario Party Superstars,1.1.1 + 2.72 GB,Nintendo + Party,https://switchroms.io/mario-party-superstars-nsp-xci-switch-rom-1/,XCI ROM,3.03 GB,Terabox,https://switchroms.io/mario-party-superstars-nsp-xci-switch-rom-1/?download=8,https://terabox.com/s/1-ml9_GmhAY14dsUSbpzaAA
Mario Party Superstars,1.1.1 + 2.72 GB,Nintendo + Party,https://switchroms.io/mario-party-superstars-nsp-xci-switch-rom-1/,XCI ROM,3.03 GB,1fichier,https://switchroms.io/mario-party-superstars-nsp-xci-switch-rom-1/?download=9,https://1fichier.com/?z9b7dknfreex65kecg6f
Mario Party Superstars,1.1.1 + 2.72 GB,Nintendo + Party,https://switchroms.io/mario-party-superstars-nsp-xci-switch-rom-1/,XCI ROM,3.03 GB,Megaup,https://switchroms.io/mario-party-superstars-nsp-xci-switch-rom-1/?download=10,https://megaup.net/70fc6f33001135a7ea78b135406c2ba2/XCI_-_Mario_Party_Superstars_[01006FE013472000][v0][switchroms.io].zip
Mario Party Superstars,1.1.1 + 2.72 GB,Nintendo + Party,https://switchroms.io/mario-party-superstars-nsp-xci-switch-rom-1/,XCI ROM,3.03 GB,Up-4ever,https://switchroms.io/mario-party-superstars-nsp-xci-switch-rom-1/?download=11,https://www.up-4ever.net/yon0ueq61u02
Mario Party Superstars,1.1.1 + 2.72 GB,Nintendo + Party,https://switchroms.io/mario-party-superstars-nsp-xci-switch-rom-1/,XCI ROM,3.03 GB,Send.cm,https://switchroms.io/mario-party-superstars-nsp-xci-switch-rom-1/?download=12,https://send.cm/ppy92zpeo9vf
Mario Party Superstars,1.1.1 + 2.72 GB,Nintendo + Party,https://switchroms.io/mario-party-superstars-nsp-xci-switch-rom-1/,[UPDATE] NSP ROM V1.1.1,130 MB,Mediafire,https://switchroms.io/mario-party-superstars-nsp-xci-switch-rom-1/?download=13,https://www.mediafire.com/file/1ibxfiax7r4r66p/UPDATE+-+Mario+Party+Superstars+[01006FE013472800][v131072][switchroms.io].zip/file
Mario Party Superstars,1.1.1 + 2.72 GB,Nintendo + Party,https://switchroms.io/mario-party-superstars-nsp-xci-switch-rom-1/,[UPDATE] NSP ROM V1.1.1,130 MB,Buzzheavier,https://switchroms.io/mario-party-superstars-nsp-xci-switch-rom-1/?download=14,https://buzzheavier.com/f/GTUphUupAAA
Mario Party Superstars,1.1.1 + 2.72 GB,Nintendo + Party,https://switchroms.io/mario-party-superstars-nsp-xci-switch-rom-1/,[UPDATE] NSP ROM V1.1.1,130 MB,1fichier,https://switchroms.io/mario-party-superstars-nsp-xci-switch-rom-1/?download=15,https://1fichier.com/?vh17nxohek3b23vt0oke
Mario Party Superstars,1.1.1 + 2.72 GB,Nintendo + Party,https://switchroms.io/mario-party-superstars-nsp-xci-switch-rom-1/,[UPDATE] NSP ROM V1.1.1,130 MB,Megaup,https://switchroms.io/mario-party-superstars-nsp-xci-switch-rom-1/?download=16,https://megaup.net/3ab9d14351efc48b59a22524df6d59aa/UPDATE_-_Mario_Party_Superstars_[01006FE013472800][v131072][switchroms.io].zip
Mario Party Superstars,1.1.1 + 2.72 GB,Nintendo + Party,https://switchroms.io/mario-party-superstars-nsp-xci-switch-rom-1/,[UPDATE] NSP ROM V1.1.1,130 MB,Terabox,https://switchroms.io/mario-party-superstars-nsp-xci-switch-rom-1/?download=17,https://terabox.com/s/1Eq_DZFCuY_mKN8hfwUXJFg
Mario Party Superstars,1.1.1 + 2.72 GB,Nintendo + Party,https://switchroms.io/mario-party-superstars-nsp-xci-switch-rom-1/,[UPDATE] NSP ROM V1.1.1,130 MB,Send.cm,https://switchroms.io/mario-party-superstars-nsp-xci-switch-rom-1/?download=18,https://send.cm/2tep8xbpm5m9
Mario Golf: Super Rush,4.0.0 + 2.86 GB,Nintendo + Sports,https://switchroms.io/mario-golf-super-rush-1/,NSP ROM,2.86 GB,Mediafire,https://switchroms.io/mario-golf-super-rush-1/?download=0,https://www.mediafire.com/file/urs2ek5a597e648/NSP+-+Mario+Golf+Super+Rush[0100C9C00E25C000][US][v0][switchroms.io].zip/file
Mario Golf: Super Rush,4.0.0 + 2.86 GB,Nintendo + Sports,https://switchroms.io/mario-golf-super-rush-1/,NSP ROM,2.86 GB,Terabox,https://switchroms.io/mario-golf-super-rush-1/?download=1,https://terabox.com/s/1O9aOimbGfpuWkLrYLzMsgw
Mario Golf: Super Rush,4.0.0 + 2.86 GB,Nintendo + Sports,https://switchroms.io/mario-golf-super-rush-1/,NSP ROM,2.86 GB,1fichier,https://switchroms.io/mario-golf-super-rush-1/?download=2,https://1fichier.com/?56xl7w6xt7xqd47pf3xh
Mario Golf: Super Rush,4.0.0 + 2.86 GB,Nintendo + Sports,https://switchroms.io/mario-golf-super-rush-1/,NSP ROM,2.86 GB,Send.cm,https://switchroms.io/mario-golf-super-rush-1/?download=3,https://send.cm/9fln2uiz3kc0
Mario Golf: Super Rush,4.0.0 + 2.86 GB,Nintendo + Sports,https://switchroms.io/mario-golf-super-rush-1/,NSP ROM,2.86 GB,Megaup,https://switchroms.io/mario-golf-super-rush-1/?download=4,https://megaup.net/2ce5f140a329bbe70e0f013ac97a3234/NSP_-_Mario_Golf_Super_Rush[0100C9C00E25C000][US][v0][switchroms.io].zip
Mario Golf: Super Rush,4.0.0 + 2.86 GB,Nintendo + Sports,https://switchroms.io/mario-golf-super-rush-1/,NSP ROM,2.86 GB,Buzzheavier,https://switchroms.io/mario-golf-super-rush-1/?download=5,https://buzzheavier.com/f/GTK7RbLpAAA
Mario Golf: Super Rush,4.0.0 + 2.86 GB,Nintendo + Sports,https://switchroms.io/mario-golf-super-rush-1/,NSP ROM,2.86 GB,Up-4ever,https://switchroms.io/mario-golf-super-rush-1/?download=6,https://www.up-4ever.net/wxlktyf7l234
Mario Golf: Super Rush,4.0.0 + 2.86 GB,Nintendo + Sports,https://switchroms.io/mario-golf-super-rush-1/,[UPDATE] NSP ROM V4.0.0,1.31 GB,Mediafire,https://switchroms.io/mario-golf-super-rush-1/?download=7,https://www.mediafire.com/file/f4ckvt40of66ssx/UPDATE+-+Mario+Golf+Super+Rush+[0100C9C00E25C800][v262144][switchroms.io].zip/file
Mario Golf: Super Rush,4.0.0 + 2.86 GB,Nintendo + Sports,https://switchroms.io/mario-golf-super-rush-1/,[UPDATE] NSP ROM V4.0.0,1.31 GB,Terabox,https://switchroms.io/mario-golf-super-rush-1/?download=8,https://terabox.com/s/114EPimpBpErfvTIf8Strwg
Mario Golf: Super Rush,4.0.0 + 2.86 GB,Nintendo + Sports,https://switchroms.io/mario-golf-super-rush-1/,[UPDATE] NSP ROM V4.0.0,1.31 GB,1fichier,https://switchroms.io/mario-golf-super-rush-1/?download=9,https://1fichier.com/?3pbp3vqh3ff0rpl0raqz
Mario Golf: Super Rush,4.0.0 + 2.86 GB,Nintendo + Sports,https://switchroms.io/mario-golf-super-rush-1/,[UPDATE] NSP ROM V4.0.0,1.31 GB,Buzzheavier,https://switchroms.io/mario-golf-super-rush-1/?download=10,https://buzzheavier.com/f/GTK7RcGpAAA
Mario Golf: Super Rush,4.0.0 + 2.86 GB,Nintendo + Sports,https://switchroms.io/mario-golf-super-rush-1/,[UPDATE] NSP ROM V4.0.0,1.31 GB,Megaup,https://switchroms.io/mario-golf-super-rush-1/?download=11,https://megaup.net/66d915fa437ac84eddd6f10883a24c2a/UPDATE_-_Mario_Golf_Super_Rush_[0100C9C00E25C800][v262144][switchroms.io].zip
Mario Golf: Super Rush,4.0.0 + 2.86 GB,Nintendo + Sports,https://switchroms.io/mario-golf-super-rush-1/,[UPDATE] NSP ROM V4.0.0,1.31 GB,Send.cm,https://switchroms.io/mario-golf-super-rush-1/?download=12,https://send.cm/pop66m63l706
Mario Golf: Super Rush,4.0.0 + 2.86 GB,Nintendo + Sports,https://switchroms.io/mario-golf-super-rush-1/,[UPDATE] NSP ROM V4.0.0,1.31 GB,Up-4ever,https://switchroms.io/mario-golf-super-rush-1/?download=13,https://www.up-4ever.net/zwlxl04wa5k5
Nintendo World Championships: NES Edition,1.1.1 + 310 MB,Nintendo + Action,https://switchroms.io/nintendo-world-championships-nes-edition/,NSP ROM,310 MB,Mediafire,https://switchroms.io/nintendo-world-championships-nes-edition/?download=0,https://www.mediafire.com/file/4u1pfanua7v9bsx/NSP+-+Nintendo+World+Championships+NES+Edition+[0100AD10185F8000][v0][switchroms.io].zip/file
Nintendo World Championships: NES Edition,1.1.1 + 310 MB,Nintendo + Action,https://switchroms.io/nintendo-world-championships-nes-edition/,NSP ROM,310 MB,Terabox,https://switchroms.io/nintendo-world-championships-nes-edition/?download=1,https://terabox.com/s/17wnKDN9SSwQqxgkH5ssk7w
Nintendo World Championships: NES Edition,1.1.1 + 310 MB,Nintendo + Action,https://switchroms.io/nintendo-world-championships-nes-edition/,NSP ROM,310 MB,1fichier,https://switchroms.io/nintendo-world-championships-nes-edition/?download=2,https://1fichier.com/?x06xzyc5t00pcpqfiq0a
Nintendo World Championships: NES Edition,1.1.1 + 310 MB,Nintendo + Action,https://switchroms.io/nintendo-world-championships-nes-edition/,NSP ROM,310 MB,Buzzheavier,https://switchroms.io/nintendo-world-championships-nes-edition/?download=3,https://buzzheavier.com/f/GTPL4jzpAAA
Nintendo World Championships: NES Edition,1.1.1 + 310 MB,Nintendo + Action,https://switchroms.io/nintendo-world-championships-nes-edition/,NSP ROM,310 MB,Up-4ever,https://switchroms.io/nintendo-world-championships-nes-edition/?download=4,https://www.up-4ever.net/eyqplq234caf
Nintendo World Championships: NES Edition,1.1.1 + 310 MB,Nintendo + Action,https://switchroms.io/nintendo-world-championships-nes-edition/,NSP ROM,310 MB,Send.cm,https://switchroms.io/nintendo-world-championships-nes-edition/?download=5,https://send.cm/xsay6wacq04r
Nintendo World Championships: NES Edition,1.1.1 + 310 MB,Nintendo + Action,https://switchroms.io/nintendo-world-championships-nes-edition/,XCI ROM,750 MB,Mediafire,https://switchroms.io/nintendo-world-championships-nes-edition/?download=6,https://www.mediafire.com/file/yxl7fhi8xpqv254/XCI+-+Nintendo+World+Championships+NES+Edition+[0100AD10185F8000][v0][switchroms.io].zip/file
Nintendo World Championships: NES Edition,1.1.1 + 310 MB,Nintendo + Action,https://switchroms.io/nintendo-world-championships-nes-edition/,XCI ROM,750 MB,Terabox,https://switchroms.io/nintendo-world-championships-nes-edition/?download=7,https://terabox.com/s/1TPMIKa-AVcO2aUICmSnCtw
Nintendo World Championships: NES Edition,1.1.1 + 310 MB,Nintendo + Action,https://switchroms.io/nintendo-world-championships-nes-edition/,XCI ROM,750 MB,1fichier,https://switchroms.io/nintendo-world-championships-nes-edition/?download=8,https://1fichier.com/?cmzt8jbxt9p10zfb930w
Nintendo World Championships: NES Edition,1.1.1 + 310 MB,Nintendo + Action,https://switchroms.io/nintendo-world-championships-nes-edition/,XCI ROM,750 MB,Buzzheavier,https://switchroms.io/nintendo-world-championships-nes-edition/?download=9,https://buzzheavier.com/f/GTPL4kQpAAA
Nintendo World Championships: NES Edition,1.1.1 + 310 MB,Nintendo + Action,https://switchroms.io/nintendo-world-championships-nes-edition/,XCI ROM,750 MB,Up-4ever,https://switchroms.io/nintendo-world-championships-nes-edition/?download=10,https://www.up-4ever.net/gw0bppxl6hw4
Nintendo World Championships: NES Edition,1.1.1 + 310 MB,Nintendo + Action,https://switchroms.io/nintendo-world-championships-nes-edition/,XCI ROM,750 MB,Send.cm,https://switchroms.io/nintendo-world-championships-nes-edition/?download=11,https://send.cm/ekqyxglr1huj
Nintendo World Championships: NES Edition,1.1.1 + 310 MB,Nintendo + Action,https://switchroms.io/nintendo-world-championships-nes-edition/,[UPDATE] NSP ROM V1.1.1,116 MB,Mediafire,https://switchroms.io/nintendo-world-championships-nes-edition/?download=12,https://www.mediafire.com/file/t6vhllbtr23s5oh/Update+-+Nintendo+World+Championships++NES+Edition+[0100AD10185F8800][v131072][US](switchroms.io).zip/file
Nintendo World Championships: NES Edition,1.1.1 + 310 MB,Nintendo + Action,https://switchroms.io/nintendo-world-championships-nes-edition/,[UPDATE] NSP ROM V1.1.1,116 MB,Buzzheavier,https://switchroms.io/nintendo-world-championships-nes-edition/?download=13,https://buzzheavier.com/sevobekzkj25
Nintendo World Championships: NES Edition,1.1.1 + 310 MB,Nintendo + Action,https://switchroms.io/nintendo-world-championships-nes-edition/,[UPDATE] NSP ROM V1.1.1,116 MB,Qiwi.gg,https://switchroms.io/nintendo-world-championships-nes-edition/?download=14,https://qiwi.gg/file/5sSE0524-Update-NintendoWorldChampionshipsNESEdition0100AD10185F8800v131072USswitchrom
Nintendo World Championships: NES Edition,1.1.1 + 310 MB,Nintendo + Action,https://switchroms.io/nintendo-world-championships-nes-edition/,[UPDATE] NSP ROM V1.1.1,116 MB,1fichier,https://switchroms.io/nintendo-world-championships-nes-edition/?download=15,https://1fichier.com/?nneo7qdn7vndfukxipgv
Nintendo World Championships: NES Edition,1.1.1 + 310 MB,Nintendo + Action,https://switchroms.io/nintendo-world-championships-nes-edition/,[UPDATE] NSP ROM V1.1.0,120 MB,Mediafire,https://switchroms.io/nintendo-world-championships-nes-edition/?download=16,https://www.mediafire.com/file/5glhi3fspn5rcqs/UPDATE+-+Nintendo+World+Championships+NES+Edition+[0100AD10185F8800][v65536][switchroms.io].zip/file
Nintendo World Championships: NES Edition,1.1.1 + 310 MB,Nintendo + Action,https://switchroms.io/nintendo-world-championships-nes-edition/,[UPDATE] NSP ROM V1.1.0,120 MB,Buzzheavier,https://switchroms.io/nintendo-world-championships-nes-edition/?download=17,https://buzzheavier.com/f/GTPL4mfpAAA
Nintendo World Championships: NES Edition,1.1.1 + 310 MB,Nintendo + Action,https://switchroms.io/nintendo-world-championships-nes-edition/,[UPDATE] NSP ROM V1.1.0,120 MB,Terabox,https://switchroms.io/nintendo-world-championships-nes-edition/?download=18,https://terabox.com/s/1yJ--xdZu8-7MawkQTE9ZQw
Nintendo World Championships: NES Edition,1.1.1 + 310 MB,Nintendo + Action,https://switchroms.io/nintendo-world-championships-nes-edition/,[UPDATE] NSP ROM V1.1.0,120 MB,1fichier,https://switchroms.io/nintendo-world-championships-nes-edition/?download=19,https://1fichier.com/?xw3nt4bi7bzy42sxmxsc
Nintendo World Championships: NES Edition,1.1.1 + 310 MB,Nintendo + Action,https://switchroms.io/nintendo-world-championships-nes-edition/,[UPDATE] NSP ROM V1.1.0,120 MB,Up-4ever,https://switchroms.io/nintendo-world-championships-nes-edition/?download=20,https://www.up-4ever.net/zxxbb2featbx
Nintendo World Championships: NES Edition,1.1.1 + 310 MB,Nintendo + Action,https://switchroms.io/nintendo-world-championships-nes-edition/,[UPDATE] NSP ROM V1.1.0,120 MB,Send.cm,https://switchroms.io/nintendo-world-championships-nes-edition/?download=21,https://send.cm/dqctu69xs21c
