Game Title,Front Page Info (Size/Version),Front Page Info (Genre/Publisher),Detail URL,ROM Format,File Size,Mirror Hoster,Redirect URL,Final Direct Link
Ship of Harkinian (The Legend of Zelda Ocarina of Time),8.0.2 + 520 MB,Nintendo EAD + Nintendo Switch Games,https://switchroms.io/ship-of-harkinian-the-legend-of-zelda-ocarina-of-time-nsp-xci-switch-rom/,NSP ROM,520 MB,1fichier,https://switchroms.io/ship-of-harkinian-the-legend-of-zelda-ocarina-of-time-nsp-xci-switch-rom/?download=0,https://1fichier.com/?08i0pk27yyldj7b4jsn6
Ship of Harkinian (The Legend of Zelda Ocarina of Time),8.0.2 + 520 MB,Nintendo EAD + Nintendo Switch Games,https://switchroms.io/ship-of-harkinian-the-legend-of-zelda-ocarina-of-time-nsp-xci-switch-rom/,NSP ROM,520 MB,Frdl.to,https://switchroms.io/ship-of-harkinian-the-legend-of-zelda-ocarina-of-time-nsp-xci-switch-rom/?download=1,https://frdl.to/e3s0fybuvd47/NSP_-_Ship_of_Harkinian_(The_Legend_of_Zelda_Ocarina_of_Time)_[switchroms.io].zip.html
Ship of Harkinian (The Legend of Zelda Ocarina of Time),8.0.2 + 520 MB,Nintendo EAD + Nintendo Switch Games,https://switchroms.io/ship-of-harkinian-the-legend-of-zelda-ocarina-of-time-nsp-xci-switch-rom/,NSP ROM,520 MB,Buzzheavier,https://switchroms.io/ship-of-harkinian-the-legend-of-zelda-ocarina-of-time-nsp-xci-switch-rom/?download=2,https://buzzheavier.com/f/GWAnOE6f0AA
Ship of Harkinian (The Legend of Zelda Ocarina of Time),8.0.2 + 520 MB,Nintendo EAD + Nintendo Switch Games,https://switchroms.io/ship-of-harkinian-the-legend-of-zelda-ocarina-of-time-nsp-xci-switch-rom/,NSP ROM,520 MB,Send.cm,https://switchroms.io/ship-of-harkinian-the-legend-of-zelda-ocarina-of-time-nsp-xci-switch-rom/?download=3,https://send.cm/xvllhwcnv7m5
Ship of Harkinian (The Legend of Zelda Ocarina of Time),8.0.2 + 520 MB,Nintendo EAD + Nintendo Switch Games,https://switchroms.io/ship-of-harkinian-the-legend-of-zelda-ocarina-of-time-nsp-xci-switch-rom/,NSP ROM,520 MB,Up-4ever,https://switchroms.io/ship-of-harkinian-the-legend-of-zelda-ocarina-of-time-nsp-xci-switch-rom/?download=4,https://www.up-4ever.net/jcx92vy8il6c
Ship of Harkinian (The Legend of Zelda Ocarina of Time),8.0.2 + 520 MB,Nintendo EAD + Nintendo Switch Games,https://switchroms.io/ship-of-harkinian-the-legend-of-zelda-ocarina-of-time-nsp-xci-switch-rom/,NSP ROM,520 MB,Megaup,https://switchroms.io/ship-of-harkinian-the-legend-of-zelda-ocarina-of-time-nsp-xci-switch-rom/?download=5,https://megaup.net/1a9e305f6a239593e396443eaa54c987/NSP_-_Ship_of_Harkinian_(The_Legend_of_Zelda_Ocarina_of_Time)_[switchroms.io].zip
Ship of Harkinian (The Legend of Zelda Ocarina of Time),8.0.2 + 520 MB,Nintendo EAD + Nintendo Switch Games,https://switchroms.io/ship-of-harkinian-the-legend-of-zelda-ocarina-of-time-nsp-xci-switch-rom/,NSP ROM,520 MB,Qiwi.gg,https://switchroms.io/ship-of-harkinian-the-legend-of-zelda-ocarina-of-time-nsp-xci-switch-rom/?download=6,https://qiwi.gg/file/n4vh2752-NSP-ShipofHarkinianTheLegendofZeldaOcarinaofTimeswitchrom
The Legend of Zelda: Echoes of Wisdom,1.0.2 + 5.4 GB,Nintendo + Adventure,https://switchroms.io/the-legend-of-zelda-echoes-of-wisdom-nsp-xci-switch-rom-1b/,NSP ROM,5.4 GB,Frdl.to,https://switchroms.io/the-legend-of-zelda-echoes-of-wisdom-nsp-xci-switch-rom-1b/?download=0,https://frdl.to/cukm69j1d7aq/NSP+-+The+Legend+of+Zelda+Echoes+of+Wisdom+v1.0.001008CF01BAAC0000APPswitchroms.io.zip
The Legend of Zelda: Echoes of Wisdom,1.0.2 + 5.4 GB,Nintendo + Adventure,https://switchroms.io/the-legend-of-zelda-echoes-of-wisdom-nsp-xci-switch-rom-1b/,NSP ROM,5.4 GB,Buzzheavier,https://switchroms.io/the-legend-of-zelda-echoes-of-wisdom-nsp-xci-switch-rom-1b/?download=1,https://buzzheavier.com/f/GYc8oaRf0AA
The Legend of Zelda: Echoes of Wisdom,1.0.2 + 5.4 GB,Nintendo + Adventure,https://switchroms.io/the-legend-of-zelda-echoes-of-wisdom-nsp-xci-switch-rom-1b/,NSP ROM,5.4 GB,Qiwi.gg,https://switchroms.io/the-legend-of-zelda-echoes-of-wisdom-nsp-xci-switch-rom-1b/?download=2,https://qiwi.gg/file/5DVY5412-NSP-TheLegendofZeldaEchoesofWisdomv1
The Legend of Zelda: Echoes of Wisdom,1.0.2 + 5.4 GB,Nintendo + Adventure,https://switchroms.io/the-legend-of-zelda-echoes-of-wisdom-nsp-xci-switch-rom-1b/,NSP ROM,5.4 GB,Send.cm,https://switchroms.io/the-legend-of-zelda-echoes-of-wisdom-nsp-xci-switch-rom-1b/?download=3,https://send.cm/ebzolzkfofoe
The Legend of Zelda: Echoes of Wisdom,1.0.2 + 5.4 GB,Nintendo + Adventure,https://switchroms.io/the-legend-of-zelda-echoes-of-wisdom-nsp-xci-switch-rom-1b/,NSP ROM,5.4 GB,1fichier,https://switchroms.io/the-legend-of-zelda-echoes-of-wisdom-nsp-xci-switch-rom-1b/?download=4,https://1fichier.com/?hblqwtb5j5ccpuzxuzo9
The Legend of Zelda: Echoes of Wisdom,1.0.2 + 5.4 GB,Nintendo + Adventure,https://switchroms.io/the-legend-of-zelda-echoes-of-wisdom-nsp-xci-switch-rom-1b/,XCI ROM,5.7 GB,Frdl.to,https://switchroms.io/the-legend-of-zelda-echoes-of-wisdom-nsp-xci-switch-rom-1b/?download=5,https://frdl.to/husmzua6nhhr/XCI+-+The+Legend+Of+Zelda+Echoes+Of+Wisdom+01008CF01BAAC000Verifiedswitchroms.io.zip
The Legend of Zelda: Echoes of Wisdom,1.0.2 + 5.4 GB,Nintendo + Adventure,https://switchroms.io/the-legend-of-zelda-echoes-of-wisdom-nsp-xci-switch-rom-1b/,XCI ROM,5.7 GB,Send.cm,https://switchroms.io/the-legend-of-zelda-echoes-of-wisdom-nsp-xci-switch-rom-1b/?download=6,https://send.cm/xvl80iw2w0jd
The Legend of Zelda: Echoes of Wisdom,1.0.2 + 5.4 GB,Nintendo + Adventure,https://switchroms.io/the-legend-of-zelda-echoes-of-wisdom-nsp-xci-switch-rom-1b/,XCI ROM,5.7 GB,Qiwi.gg,https://switchroms.io/the-legend-of-zelda-echoes-of-wisdom-nsp-xci-switch-rom-1b/?download=7,https://qiwi.gg/file/mjHk8204-XCI-TheLegendOfZeldaEchoesOfWisdom01008CF01BAAC000Verifiedswitchrom
The Legend of Zelda: Echoes of Wisdom,1.0.2 + 5.4 GB,Nintendo + Adventure,https://switchroms.io/the-legend-of-zelda-echoes-of-wisdom-nsp-xci-switch-rom-1b/,XCI ROM,5.7 GB,1fichier,https://switchroms.io/the-legend-of-zelda-echoes-of-wisdom-nsp-xci-switch-rom-1b/?download=8,https://1fichier.com/?7z2bfpl2su4i0lbo6ouv
The Legend of Zelda: Echoes of Wisdom,1.0.2 + 5.4 GB,Nintendo + Adventure,https://switchroms.io/the-legend-of-zelda-echoes-of-wisdom-nsp-xci-switch-rom-1b/,[UPDATE] NSP ROM V1.0.2,175 MB,Mediafire,https://switchroms.io/the-legend-of-zelda-echoes-of-wisdom-nsp-xci-switch-rom-1b/?download=9,https://www.mediafire.com/file/h8k2ogujk4lfcay/Update+-+The+Legend+of+Zelda+Echoes+of+Wisdom+01008CF01BAAC800.v131072.US+(switchroms.io).zip/file
The Legend of Zelda: Echoes of Wisdom,1.0.2 + 5.4 GB,Nintendo + Adventure,https://switchroms.io/the-legend-of-zelda-echoes-of-wisdom-nsp-xci-switch-rom-1b/,[UPDATE] NSP ROM V1.0.2,175 MB,Buzzheavier,https://switchroms.io/the-legend-of-zelda-echoes-of-wisdom-nsp-xci-switch-rom-1b/?download=10,https://buzzheavier.com/b4rpqgm1a28h
The Legend of Zelda: Echoes of Wisdom,1.0.2 + 5.4 GB,Nintendo + Adventure,https://switchroms.io/the-legend-of-zelda-echoes-of-wisdom-nsp-xci-switch-rom-1b/,[UPDATE] NSP ROM V1.0.2,175 MB,Qiwi.gg,https://switchroms.io/the-legend-of-zelda-echoes-of-wisdom-nsp-xci-switch-rom-1b/?download=11,https://qiwi.gg/file/un7H9131-Update-TheLegendofZeldaEchoesofWisdom01008CF01BAAC800
The Legend of Zelda: Echoes of Wisdom,1.0.2 + 5.4 GB,Nintendo + Adventure,https://switchroms.io/the-legend-of-zelda-echoes-of-wisdom-nsp-xci-switch-rom-1b/,[UPDATE] NSP ROM V1.0.2,175 MB,1fichier,https://switchroms.io/the-legend-of-zelda-echoes-of-wisdom-nsp-xci-switch-rom-1b/?download=12,https://1fichier.com/?poy8ojn2sk645476io1v
Hyrule Warriors: Definitive Edition,1.0.1 + 12.9 GB,Nintendo + Adventure,https://switchroms.io/hyrule-warriors-definitive-edition-nsp-xci-switch-rom/,NSP ROM,12.9 GB,Buzzheavier,https://switchroms.io/hyrule-warriors-definitive-edition-nsp-xci-switch-rom/?download=0,https://buzzheavier.com/f/GUyrNn8pAAA
Hyrule Warriors: Definitive Edition,1.0.1 + 12.9 GB,Nintendo + Adventure,https://switchroms.io/hyrule-warriors-definitive-edition-nsp-xci-switch-rom/,NSP ROM,12.9 GB,1fichier,https://switchroms.io/hyrule-warriors-definitive-edition-nsp-xci-switch-rom/?download=1,https://1fichier.com/?88qvoh76r057w8p09pof
Hyrule Warriors: Definitive Edition,1.0.1 + 12.9 GB,Nintendo + Adventure,https://switchroms.io/hyrule-warriors-definitive-edition-nsp-xci-switch-rom/,NSP ROM,12.9 GB,Qiwi.gg,https://switchroms.io/hyrule-warriors-definitive-edition-nsp-xci-switch-rom/?download=2,https://qiwi.gg/file/5Tpx5962-NSP-HyruleWarriorsDefinitiveEdition0100AE00096EA000v0USswitchrom
Hyrule Warriors: Definitive Edition,1.0.1 + 12.9 GB,Nintendo + Adventure,https://switchroms.io/hyrule-warriors-definitive-edition-nsp-xci-switch-rom/,NSP ROM,12.9 GB,Frdl.to,https://switchroms.io/hyrule-warriors-definitive-edition-nsp-xci-switch-rom/?download=3,https://frdl.to/0nzm7g8gbpmv/NSP_-_Hyrule_Warriors_Definitive_Edition_[0100AE00096EA000][v0][US][switchroms.io].zip.html
Hyrule Warriors: Definitive Edition,1.0.1 + 12.9 GB,Nintendo + Adventure,https://switchroms.io/hyrule-warriors-definitive-edition-nsp-xci-switch-rom/,[UPDATE] NSP ROM V1.0.1,35 MB,Buzzheavier,https://switchroms.io/hyrule-warriors-definitive-edition-nsp-xci-switch-rom/?download=4,https://buzzheavier.com/f/GUxqDGfpAAA
Hyrule Warriors: Definitive Edition,1.0.1 + 12.9 GB,Nintendo + Adventure,https://switchroms.io/hyrule-warriors-definitive-edition-nsp-xci-switch-rom/,[UPDATE] NSP ROM V1.0.1,35 MB,Up-4ever,https://switchroms.io/hyrule-warriors-definitive-edition-nsp-xci-switch-rom/?download=5,https://www.up-4ever.net/0qd7mpg4ye0w
Hyrule Warriors: Definitive Edition,1.0.1 + 12.9 GB,Nintendo + Adventure,https://switchroms.io/hyrule-warriors-definitive-edition-nsp-xci-switch-rom/,[UPDATE] NSP ROM V1.0.1,35 MB,1fichier,https://switchroms.io/hyrule-warriors-definitive-edition-nsp-xci-switch-rom/?download=6,https://1fichier.com/?qj50hhg3wxvql2rufbgq
Hyrule Warriors: Definitive Edition,1.0.1 + 12.9 GB,Nintendo + Adventure,https://switchroms.io/hyrule-warriors-definitive-edition-nsp-xci-switch-rom/,[UPDATE] NSP ROM V1.0.1,35 MB,Send.cm,https://switchroms.io/hyrule-warriors-definitive-edition-nsp-xci-switch-rom/?download=7,https://send.cm/qau9z61gbuod
Hyrule Warriors: Definitive Edition,1.0.1 + 12.9 GB,Nintendo + Adventure,https://switchroms.io/hyrule-warriors-definitive-edition-nsp-xci-switch-rom/,[UPDATE] NSP ROM V1.0.1,35 MB,Megaup,https://switchroms.io/hyrule-warriors-definitive-edition-nsp-xci-switch-rom/?download=8,https://megaup.net/934d5cb27e6bfdd99b940944915bfa44/UPDATE_-_Hyrule_Warriors_Definitive_Edition_[0100AE00096EA800][v65536][US][switchroms.io].zip
Hyrule Warriors: Definitive Edition,1.0.1 + 12.9 GB,Nintendo + Adventure,https://switchroms.io/hyrule-warriors-definitive-edition-nsp-xci-switch-rom/,[UPDATE] NSP ROM V1.0.1,35 MB,Oshi.at,https://switchroms.io/hyrule-warriors-definitive-edition-nsp-xci-switch-rom/?download=9,https://oshi.at/zzJF
Hyrule Warriors: Definitive Edition,1.0.1 + 12.9 GB,Nintendo + Adventure,https://switchroms.io/hyrule-warriors-definitive-edition-nsp-xci-switch-rom/,[UPDATE] NSP ROM V1.0.1,35 MB,File-upload,https://switchroms.io/hyrule-warriors-definitive-edition-nsp-xci-switch-rom/?download=10,https://www.file-upload.org/59zxoee5svss
Hyrule Warriors: Definitive Edition,1.0.1 + 12.9 GB,Nintendo + Adventure,https://switchroms.io/hyrule-warriors-definitive-edition-nsp-xci-switch-rom/,[UPDATE] NSP ROM V1.0.1,35 MB,Filefactory,https://switchroms.io/hyrule-warriors-definitive-edition-nsp-xci-switch-rom/?download=11,http://www.filefactory.com/file/7djpquqbvdt2/UPDATE-HyruleWarriorsDefinitiveEdition0100AE00096EA800v65536USswitchroms.io.zip
Hyrule Warriors: Definitive Edition,1.0.1 + 12.9 GB,Nintendo + Adventure,https://switchroms.io/hyrule-warriors-definitive-edition-nsp-xci-switch-rom/,[UPDATE] NSP ROM V1.0.1,35 MB,Qiwi.gg,https://switchroms.io/hyrule-warriors-definitive-edition-nsp-xci-switch-rom/?download=12,https://qiwi.gg/file/fgZo9529-UPDATE-HyruleWarriorsDefinitiveEdition0100AE00096EA800v65536USswitchrom
Hyrule Warriors: Definitive Edition,1.0.1 + 12.9 GB,Nintendo + Adventure,https://switchroms.io/hyrule-warriors-definitive-edition-nsp-xci-switch-rom/,[UPDATE] NSP ROM V1.0.1,35 MB,Frdl.to,https://switchroms.io/hyrule-warriors-definitive-edition-nsp-xci-switch-rom/?download=13,https://frdl.to/nk17hkxf7vhb/UPDATE_-_Hyrule_Warriors_Definitive_Edition_[0100AE00096EA800][v65536][US][switchroms.io].zip.html
Nintendo World Championships: NES Edition,1.1.1 + 310 MB,Nintendo + Action,https://switchroms.io/nintendo-world-championships-nes-edition/,NSP ROM,310 MB,Mediafire,https://switchroms.io/nintendo-world-championships-nes-edition/?download=0,https://www.mediafire.com/file/4u1pfanua7v9bsx/NSP+-+Nintendo+World+Championships+NES+Edition+[0100AD10185F8000][v0][switchroms.io].zip/file
Nintendo World Championships: NES Edition,1.1.1 + 310 MB,Nintendo + Action,https://switchroms.io/nintendo-world-championships-nes-edition/,NSP ROM,310 MB,Terabox,https://switchroms.io/nintendo-world-championships-nes-edition/?download=1,https://terabox.com/s/17wnKDN9SSwQqxgkH5ssk7w
Nintendo World Championships: NES Edition,1.1.1 + 310 MB,Nintendo + Action,https://switchroms.io/nintendo-world-championships-nes-edition/,NSP ROM,310 MB,1fichier,https://switchroms.io/nintendo-world-championships-nes-edition/?download=2,https://1fichier.com/?x06xzyc5t00pcpqfiq0a
Nintendo World Championships: NES Edition,1.1.1 + 310 MB,Nintendo + Action,https://switchroms.io/nintendo-world-championships-nes-edition/,NSP ROM,310 MB,Buzzheavier,https://switchroms.io/nintendo-world-championships-nes-edition/?download=3,https://buzzheavier.com/f/GTPL4jzpAAA
Nintendo World Championships: NES Edition,1.1.1 + 310 MB,Nintendo + Action,https://switchroms.io/nintendo-world-championships-nes-edition/,NSP ROM,310 MB,Up-4ever,https://switchroms.io/nintendo-world-championships-nes-edition/?download=4,https://www.up-4ever.net/eyqplq234caf
Nintendo World Championships: NES Edition,1.1.1 + 310 MB,Nintendo + Action,https://switchroms.io/nintendo-world-championships-nes-edition/,NSP ROM,310 MB,Send.cm,https://switchroms.io/nintendo-world-championships-nes-edition/?download=5,https://send.cm/xsay6wacq04r
Nintendo World Championships: NES Edition,1.1.1 + 310 MB,Nintendo + Action,https://switchroms.io/nintendo-world-championships-nes-edition/,XCI ROM,750 MB,Mediafire,https://switchroms.io/nintendo-world-championships-nes-edition/?download=6,https://www.mediafire.com/file/yxl7fhi8xpqv254/XCI+-+Nintendo+World+Championships+NES+Edition+[0100AD10185F8000][v0][switchroms.io].zip/file
Nintendo World Championships: NES Edition,1.1.1 + 310 MB,Nintendo + Action,https://switchroms.io/nintendo-world-championships-nes-edition/,XCI ROM,750 MB,Terabox,https://switchroms.io/nintendo-world-championships-nes-edition/?download=7,https://terabox.com/s/1TPMIKa-AVcO2aUICmSnCtw
Nintendo World Championships: NES Edition,1.1.1 + 310 MB,Nintendo + Action,https://switchroms.io/nintendo-world-championships-nes-edition/,XCI ROM,750 MB,1fichier,https://switchroms.io/nintendo-world-championships-nes-edition/?download=8,https://1fichier.com/?cmzt8jbxt9p10zfb930w
Nintendo World Championships: NES Edition,1.1.1 + 310 MB,Nintendo + Action,https://switchroms.io/nintendo-world-championships-nes-edition/,XCI ROM,750 MB,Buzzheavier,https://switchroms.io/nintendo-world-championships-nes-edition/?download=9,https://buzzheavier.com/f/GTPL4kQpAAA
Nintendo World Championships: NES Edition,1.1.1 + 310 MB,Nintendo + Action,https://switchroms.io/nintendo-world-championships-nes-edition/,XCI ROM,750 MB,Up-4ever,https://switchroms.io/nintendo-world-championships-nes-edition/?download=10,https://www.up-4ever.net/gw0bppxl6hw4
Nintendo World Championships: NES Edition,1.1.1 + 310 MB,Nintendo + Action,https://switchroms.io/nintendo-world-championships-nes-edition/,XCI ROM,750 MB,Send.cm,https://switchroms.io/nintendo-world-championships-nes-edition/?download=11,https://send.cm/ekqyxglr1huj
Nintendo World Championships: NES Edition,1.1.1 + 310 MB,Nintendo + Action,https://switchroms.io/nintendo-world-championships-nes-edition/,[UPDATE] NSP ROM V1.1.1,116 MB,Mediafire,https://switchroms.io/nintendo-world-championships-nes-edition/?download=12,https://www.mediafire.com/file/t6vhllbtr23s5oh/Update+-+Nintendo+World+Championships++NES+Edition+[0100AD10185F8800][v131072][US](switchroms.io).zip/file
Nintendo World Championships: NES Edition,1.1.1 + 310 MB,Nintendo + Action,https://switchroms.io/nintendo-world-championships-nes-edition/,[UPDATE] NSP ROM V1.1.1,116 MB,Buzzheavier,https://switchroms.io/nintendo-world-championships-nes-edition/?download=13,https://buzzheavier.com/sevobekzkj25
Nintendo World Championships: NES Edition,1.1.1 + 310 MB,Nintendo + Action,https://switchroms.io/nintendo-world-championships-nes-edition/,[UPDATE] NSP ROM V1.1.1,116 MB,Qiwi.gg,https://switchroms.io/nintendo-world-championships-nes-edition/?download=14,https://qiwi.gg/file/5sSE0524-Update-NintendoWorldChampionshipsNESEdition0100AD10185F8800v131072USswitchrom
Nintendo World Championships: NES Edition,1.1.1 + 310 MB,Nintendo + Action,https://switchroms.io/nintendo-world-championships-nes-edition/,[UPDATE] NSP ROM V1.1.1,116 MB,1fichier,https://switchroms.io/nintendo-world-championships-nes-edition/?download=15,https://1fichier.com/?nneo7qdn7vndfukxipgv
Nintendo World Championships: NES Edition,1.1.1 + 310 MB,Nintendo + Action,https://switchroms.io/nintendo-world-championships-nes-edition/,[UPDATE] NSP ROM V1.1.0,120 MB,Mediafire,https://switchroms.io/nintendo-world-championships-nes-edition/?download=16,https://www.mediafire.com/file/5glhi3fspn5rcqs/UPDATE+-+Nintendo+World+Championships+NES+Edition+[0100AD10185F8800][v65536][switchroms.io].zip/file
Nintendo World Championships: NES Edition,1.1.1 + 310 MB,Nintendo + Action,https://switchroms.io/nintendo-world-championships-nes-edition/,[UPDATE] NSP ROM V1.1.0,120 MB,Buzzheavier,https://switchroms.io/nintendo-world-championships-nes-edition/?download=17,https://buzzheavier.com/f/GTPL4mfpAAA
Nintendo World Championships: NES Edition,1.1.1 + 310 MB,Nintendo + Action,https://switchroms.io/nintendo-world-championships-nes-edition/,[UPDATE] NSP ROM V1.1.0,120 MB,Terabox,https://switchroms.io/nintendo-world-championships-nes-edition/?download=18,https://terabox.com/s/1yJ--xdZu8-7MawkQTE9ZQw
Nintendo World Championships: NES Edition,1.1.1 + 310 MB,Nintendo + Action,https://switchroms.io/nintendo-world-championships-nes-edition/,[UPDATE] NSP ROM V1.1.0,120 MB,1fichier,https://switchroms.io/nintendo-world-championships-nes-edition/?download=19,https://1fichier.com/?xw3nt4bi7bzy42sxmxsc
Nintendo World Championships: NES Edition,1.1.1 + 310 MB,Nintendo + Action,https://switchroms.io/nintendo-world-championships-nes-edition/,[UPDATE] NSP ROM V1.1.0,120 MB,Up-4ever,https://switchroms.io/nintendo-world-championships-nes-edition/?download=20,https://www.up-4ever.net/zxxbb2featbx
Nintendo World Championships: NES Edition,1.1.1 + 310 MB,Nintendo + Action,https://switchroms.io/nintendo-world-championships-nes-edition/,[UPDATE] NSP ROM V1.1.0,120 MB,Send.cm,https://switchroms.io/nintendo-world-championships-nes-edition/?download=21,https://send.cm/dqctu69xs21c
The Legend of Zelda: Tears of the Kingdom,1.2.1 + 15.98 GB,Nintendo + Adventure,https://switchroms.io/the-legend-of-zelda-tears-of-the-kingdom-4d/,NSP ROM,15.98 GB,Mediafire,https://switchroms.io/the-legend-of-zelda-tears-of-the-kingdom-4d/?download=0,https://www.mediafire.com/file/jo0xl5amz0czcbi/NSP+-+The+Legend+of+Zelda+Tears+of+the+Kingdom+[0100F2C0115B6000][v0][switchroms.io].zip/file
The Legend of Zelda: Tears of the Kingdom,1.2.1 + 15.98 GB,Nintendo + Adventure,https://switchroms.io/the-legend-of-zelda-tears-of-the-kingdom-4d/,NSP ROM,15.98 GB,1fichier,https://switchroms.io/the-legend-of-zelda-tears-of-the-kingdom-4d/?download=1,https://1fichier.com/?vcd0aaf46ko2z466m4pk
The Legend of Zelda: Tears of the Kingdom,1.2.1 + 15.98 GB,Nintendo + Adventure,https://switchroms.io/the-legend-of-zelda-tears-of-the-kingdom-4d/,NSP ROM,15.98 GB,Buzzheavier,https://switchroms.io/the-legend-of-zelda-tears-of-the-kingdom-4d/?download=2,https://buzzheavier.com/f/GTGHCnHpAAA
The Legend of Zelda: Tears of the Kingdom,1.2.1 + 15.98 GB,Nintendo + Adventure,https://switchroms.io/the-legend-of-zelda-tears-of-the-kingdom-4d/,[UPDATE] NSP ROM V1.2.1,340 MB,Mediafire,https://switchroms.io/the-legend-of-zelda-tears-of-the-kingdom-4d/?download=3,https://www.mediafire.com/file/pojosskqu8eikc9/UPDATE+-+The+Legend+of+Zelda+Tears+of+the+Kingdom+[0100F2C0115B6800][v393216][switchroms.io].zip/file
The Legend of Zelda: Tears of the Kingdom,1.2.1 + 15.98 GB,Nintendo + Adventure,https://switchroms.io/the-legend-of-zelda-tears-of-the-kingdom-4d/,[UPDATE] NSP ROM V1.2.1,340 MB,Terabox,https://switchroms.io/the-legend-of-zelda-tears-of-the-kingdom-4d/?download=4,https://terabox.com/s/1PFpp6l85oVS-DBZEYHN-HA
The Legend of Zelda: Tears of the Kingdom,1.2.1 + 15.98 GB,Nintendo + Adventure,https://switchroms.io/the-legend-of-zelda-tears-of-the-kingdom-4d/,[UPDATE] NSP ROM V1.2.1,340 MB,Megaup,https://switchroms.io/the-legend-of-zelda-tears-of-the-kingdom-4d/?download=5,https://megaup.net/cab38efdeef9a0997cf1acce5981e4f4/UPDATE_-_The_Legend_of_Zelda_Tears_of_the_Kingdom_[0100F2C0115B6800][v393216][switchroms.io].zip
The Legend of Zelda: Tears of the Kingdom,1.2.1 + 15.98 GB,Nintendo + Adventure,https://switchroms.io/the-legend-of-zelda-tears-of-the-kingdom-4d/,[UPDATE] NSP ROM V1.2.1,340 MB,1fichier,https://switchroms.io/the-legend-of-zelda-tears-of-the-kingdom-4d/?download=6,https://1fichier.com/?gjjzghlv9bpaesgg387o
The Legend of Zelda: Tears of the Kingdom,1.2.1 + 15.98 GB,Nintendo + Adventure,https://switchroms.io/the-legend-of-zelda-tears-of-the-kingdom-4d/,[UPDATE] NSP ROM V1.2.1,340 MB,Send.cm,https://switchroms.io/the-legend-of-zelda-tears-of-the-kingdom-4d/?download=7,https://send.cm/ru6d2o7r948s
The Legend of Zelda: Tears of the Kingdom,1.2.1 + 15.98 GB,Nintendo + Adventure,https://switchroms.io/the-legend-of-zelda-tears-of-the-kingdom-4d/,[UPDATE] NSP ROM V1.2.1,340 MB,Up-4ever,https://switchroms.io/the-legend-of-zelda-tears-of-the-kingdom-4d/?download=8,https://www.up-4ever.net/scq96p96h0cp
The Legend of Zelda: Tears of the Kingdom,1.2.1 + 15.98 GB,Nintendo + Adventure,https://switchroms.io/the-legend-of-zelda-tears-of-the-kingdom-4d/,Production Key (prod.keys),1 MB,Mediafire,https://switchroms.io/the-legend-of-zelda-tears-of-the-kingdom-4d/?download=9,https://www.mediafire.com/file/lw168y984mdkfk0/Keys+18.0.0.zip/file
The Legend of Zelda: Tears of the Kingdom,1.2.1 + 15.98 GB,Nintendo + Adventure,https://switchroms.io/the-legend-of-zelda-tears-of-the-kingdom-4d/,Production Key (prod.keys),1 MB,1fichier,https://switchroms.io/the-legend-of-zelda-tears-of-the-kingdom-4d/?download=10,https://1fichier.com/?a0efdr4ml04wpup7iqw1
The Legend of Zelda: Tears of the Kingdom,1.2.1 + 15.98 GB,Nintendo + Adventure,https://switchroms.io/the-legend-of-zelda-tears-of-the-kingdom-4d/,Production Key (prod.keys),1 MB,Terabox,https://switchroms.io/the-legend-of-zelda-tears-of-the-kingdom-4d/?download=11,https://terabox.com/s/18oJ49-InjqiIiby_5hG24w
The Legend of Zelda: Tears of the Kingdom,1.2.1 + 15.98 GB,Nintendo + Adventure,https://switchroms.io/the-legend-of-zelda-tears-of-the-kingdom-4d/,60 FPS Patch (v5.5) v1.2.0,1 MB,Mediafire,https://switchroms.io/the-legend-of-zelda-tears-of-the-kingdom-4d/?download=12,https://www.mediafire.com/file/h9bk5ael0j6bb2r/60+FPS+Patch+(v5.5)+v1.2.0+Supported[switchroms.io].zip/file
The Legend of Zelda: Tears of the Kingdom,1.2.1 + 15.98 GB,Nintendo + Adventure,https://switchroms.io/the-legend-of-zelda-tears-of-the-kingdom-4d/,60 FPS Patch (v5.5) v1.2.0,1 MB,1fichier,https://switchroms.io/the-legend-of-zelda-tears-of-the-kingdom-4d/?download=13,https://1fichier.com/?cwjcyiz43fy1z3pz3bwt
The Legend of Zelda: Tears of the Kingdom,1.2.1 + 15.98 GB,Nintendo + Adventure,https://switchroms.io/the-legend-of-zelda-tears-of-the-kingdom-4d/,60 FPS Patch (v5.5) v1.2.0,1 MB,Terabox,https://switchroms.io/the-legend-of-zelda-tears-of-the-kingdom-4d/?download=14,https://terabox.com/s/1xxQ_Q6NrYCPQUAK0bRh0Cw
The Legend of Zelda: Tears of the Kingdom,1.2.1 + 15.98 GB,Nintendo + Adventure,https://switchroms.io/the-legend-of-zelda-tears-of-the-kingdom-4d/,30 FPS Patch (v5.5) v1.2.0,1 MB,Mediafire,https://switchroms.io/the-legend-of-zelda-tears-of-the-kingdom-4d/?download=15,https://www.mediafire.com/file/8motwy66fy6xlmz/30+FPS+Patch+(v5.5)+v1.2.0+Supported[switchroms.io].zip/file
The Legend of Zelda: Tears of the Kingdom,1.2.1 + 15.98 GB,Nintendo + Adventure,https://switchroms.io/the-legend-of-zelda-tears-of-the-kingdom-4d/,30 FPS Patch (v5.5) v1.2.0,1 MB,1fichier,https://switchroms.io/the-legend-of-zelda-tears-of-the-kingdom-4d/?download=16,https://1fichier.com/?jtntlj7im3yamkueg4h7
The Legend of Zelda: Tears of the Kingdom,1.2.1 + 15.98 GB,Nintendo + Adventure,https://switchroms.io/the-legend-of-zelda-tears-of-the-kingdom-4d/,30 FPS Patch (v5.5) v1.2.0,1 MB,Terabox,https://switchroms.io/the-legend-of-zelda-tears-of-the-kingdom-4d/?download=17,https://terabox.com/s/1zIX4WOKMDYZRSxkMwkb0pQ
The Legend of Zelda: Tears of the Kingdom,1.2.1 + 15.98 GB,Nintendo + Adventure,https://switchroms.io/the-legend-of-zelda-tears-of-the-kingdom-4d/,TOTK Dynamic FPS (v1.5.5) v1.1.2,1 MB,Mediafire,https://switchroms.io/the-legend-of-zelda-tears-of-the-kingdom-4d/?download=18,https://www.mediafire.com/file/cgowkbvhcdwr39z/TOTK+Dynamic+FPS+(v1.5.5)+v1.1.2[switchroms.io].zip/file
The Legend of Zelda: Tears of the Kingdom,1.2.1 + 15.98 GB,Nintendo + Adventure,https://switchroms.io/the-legend-of-zelda-tears-of-the-kingdom-4d/,TOTK Dynamic FPS (v1.5.5) v1.1.2,1 MB,1fichier,https://switchroms.io/the-legend-of-zelda-tears-of-the-kingdom-4d/?download=19,https://1fichier.com/?zgsmnicqrh1bg043x70w
The Legend of Zelda: Tears of the Kingdom,1.2.1 + 15.98 GB,Nintendo + Adventure,https://switchroms.io/the-legend-of-zelda-tears-of-the-kingdom-4d/,TOTK Dynamic FPS (v1.5.5) v1.1.2,1 MB,Terabox,https://switchroms.io/the-legend-of-zelda-tears-of-the-kingdom-4d/?download=20,https://terabox.com/s/1BxuOwklyXDuz2yS7zSsTNw
The Legend of Zelda: Tears of the Kingdom,1.2.1 + 15.98 GB,Nintendo + Adventure,https://switchroms.io/the-legend-of-zelda-tears-of-the-kingdom-4d/,TOTK Visual Patches v1.1.2,1 MB,Mediafire,https://switchroms.io/the-legend-of-zelda-tears-of-the-kingdom-4d/?download=21,https://www.mediafire.com/file/kohce8sij9jyrxl/TOTK+Visual+Patches+v1.1.2+Supported+++FSR+Disable+++Quality+Reduce+Fix+++Shadows1024+++1008p[switchroms.io].zip/file
The Legend of Zelda: Tears of the Kingdom,1.2.1 + 15.98 GB,Nintendo + Adventure,https://switchroms.io/the-legend-of-zelda-tears-of-the-kingdom-4d/,TOTK Visual Patches v1.1.2,1 MB,1fichier,https://switchroms.io/the-legend-of-zelda-tears-of-the-kingdom-4d/?download=22,https://1fichier.com/?gy5r10f46upyhvu7xfyh
The Legend of Zelda: Tears of the Kingdom,1.2.1 + 15.98 GB,Nintendo + Adventure,https://switchroms.io/the-legend-of-zelda-tears-of-the-kingdom-4d/,TOTK Visual Patches v1.1.2,1 MB,Terabox,https://switchroms.io/the-legend-of-zelda-tears-of-the-kingdom-4d/?download=23,https://terabox.com/s/1Lhm2qLai0uf8AcmQKdl5-Q
The Legend of Zelda: Tears of the Kingdom,1.2.1 + 15.98 GB,Nintendo + Adventure,https://switchroms.io/the-legend-of-zelda-tears-of-the-kingdom-4d/,The Legend of Zelda: Tears of the Kingdom MODs Collection (v4.2.0),N/A,Unknown,https://switchroms.io/the-legend-of-zelda-tears-of-the-kingdom-4d/?download=24,https://github.com/hoverbike1/TOTK-Mods-collection/releases/tag/v4.20
Diablo III: Eternal Collection,2.7.7.92380 + 13.3 GB,Blizzard Entertainment + Adventure,https://switchroms.io/diablo-iii-eternal-collection-nsp-xci-switch-rom-1/,NSP ROM,13.3 GB,Buzzheavier,https://switchroms.io/diablo-iii-eternal-collection-nsp-xci-switch-rom-1/?download=0,https://buzzheavier.com/f/GU6jOQ7f0AA
Diablo III: Eternal Collection,2.7.7.92380 + 13.3 GB,Blizzard Entertainment + Adventure,https://switchroms.io/diablo-iii-eternal-collection-nsp-xci-switch-rom-1/,NSP ROM,13.3 GB,Frdl.to,https://switchroms.io/diablo-iii-eternal-collection-nsp-xci-switch-rom-1/?download=1,https://frdl.to/tnkz2ukxww6b/NSP_-_Diablo_III_Eternal_Collection[switchroms.io]_.zip.html
Diablo III: Eternal Collection,2.7.7.92380 + 13.3 GB,Blizzard Entertainment + Adventure,https://switchroms.io/diablo-iii-eternal-collection-nsp-xci-switch-rom-1/,NSP ROM,13.3 GB,1fichier,https://switchroms.io/diablo-iii-eternal-collection-nsp-xci-switch-rom-1/?download=2,https://1fichier.com/?rl9tge0zu7631uro08xk
Diablo III: Eternal Collection,2.7.7.92380 + 13.3 GB,Blizzard Entertainment + Adventure,https://switchroms.io/diablo-iii-eternal-collection-nsp-xci-switch-rom-1/,XCI ROM,13.3 GB,Buzzheavier,https://switchroms.io/diablo-iii-eternal-collection-nsp-xci-switch-rom-1/?download=3,https://buzzheavier.com/f/GU6jOVLf0AA
Diablo III: Eternal Collection,2.7.7.92380 + 13.3 GB,Blizzard Entertainment + Adventure,https://switchroms.io/diablo-iii-eternal-collection-nsp-xci-switch-rom-1/,XCI ROM,13.3 GB,Frdl.to,https://switchroms.io/diablo-iii-eternal-collection-nsp-xci-switch-rom-1/?download=4,https://frdl.to/wauek7mbxknb/XCI_-_Diablo_III_Eternal_Collection_[01001B300B9BE000][v0][switchroms.io].zip.html
Diablo III: Eternal Collection,2.7.7.92380 + 13.3 GB,Blizzard Entertainment + Adventure,https://switchroms.io/diablo-iii-eternal-collection-nsp-xci-switch-rom-1/,XCI ROM,13.3 GB,1fichier,https://switchroms.io/diablo-iii-eternal-collection-nsp-xci-switch-rom-1/?download=5,https://1fichier.com/?tq26iopaju9g8zqruhb8
Diablo III: Eternal Collection,2.7.7.92380 + 13.3 GB,Blizzard Entertainment + Adventure,https://switchroms.io/diablo-iii-eternal-collection-nsp-xci-switch-rom-1/,[UPDATE] NSP ROM V2.7.7.92380,3.3 GB,Buzzheavier,https://switchroms.io/diablo-iii-eternal-collection-nsp-xci-switch-rom-1/?download=6,https://buzzheavier.com/f/GU6jOYEf0AA
Diablo III: Eternal Collection,2.7.7.92380 + 13.3 GB,Blizzard Entertainment + Adventure,https://switchroms.io/diablo-iii-eternal-collection-nsp-xci-switch-rom-1/,[UPDATE] NSP ROM V2.7.7.92380,3.3 GB,1fichier,https://switchroms.io/diablo-iii-eternal-collection-nsp-xci-switch-rom-1/?download=7,https://1fichier.com/?52wawh2bstmw1npk5yjm
Diablo III: Eternal Collection,2.7.7.92380 + 13.3 GB,Blizzard Entertainment + Adventure,https://switchroms.io/diablo-iii-eternal-collection-nsp-xci-switch-rom-1/,[UPDATE] NSP ROM V2.7.7.92380,3.3 GB,Up-4ever,https://switchroms.io/diablo-iii-eternal-collection-nsp-xci-switch-rom-1/?download=8,https://www.up-4ever.net/9c3pkxxc2rrs
Diablo III: Eternal Collection,2.7.7.92380 + 13.3 GB,Blizzard Entertainment + Adventure,https://switchroms.io/diablo-iii-eternal-collection-nsp-xci-switch-rom-1/,[UPDATE] NSP ROM V2.7.7.92380,3.3 GB,Megaup,https://switchroms.io/diablo-iii-eternal-collection-nsp-xci-switch-rom-1/?download=9,https://megaup.net/bde93495aa018795d8a1f6050655569b/UPDATE_-_Diablo_III_Eternal_Collection_[01001B300B9BE800][v1441792][US][switchroms.io].zip
Diablo III: Eternal Collection,2.7.7.92380 + 13.3 GB,Blizzard Entertainment + Adventure,https://switchroms.io/diablo-iii-eternal-collection-nsp-xci-switch-rom-1/,[UPDATE] NSP ROM V2.7.7.92380,3.3 GB,Qiwi.gg,https://switchroms.io/diablo-iii-eternal-collection-nsp-xci-switch-rom-1/?download=10,https://qiwi.gg/file/5xE32566-UPDATE-DiabloIIIEternalCollection01001B300B9BE800v1441792USswitchrom
Diablo III: Eternal Collection,2.7.7.92380 + 13.3 GB,Blizzard Entertainment + Adventure,https://switchroms.io/diablo-iii-eternal-collection-nsp-xci-switch-rom-1/,[UPDATE] NSP ROM V2.7.7.92380,3.3 GB,Send.cm,https://switchroms.io/diablo-iii-eternal-collection-nsp-xci-switch-rom-1/?download=11,https://send.cm/ommzvsv9285j
Diablo III: Eternal Collection,2.7.7.92380 + 13.3 GB,Blizzard Entertainment + Adventure,https://switchroms.io/diablo-iii-eternal-collection-nsp-xci-switch-rom-1/,[UPDATE] NSP ROM V2.7.7.92380,3.3 GB,Terabox,https://switchroms.io/diablo-iii-eternal-collection-nsp-xci-switch-rom-1/?download=12,https://terabox.com/s/1fRNNXCMBcbjPvmI36MQ79Q
Diablo III: Eternal Collection,2.7.7.92380 + 13.3 GB,Blizzard Entertainment + Adventure,https://switchroms.io/diablo-iii-eternal-collection-nsp-xci-switch-rom-1/,DLC Unlocker v2.7.1.76692,1 MB,Buzzheavier,https://switchroms.io/diablo-iii-eternal-collection-nsp-xci-switch-rom-1/?download=13,https://buzzheavier.com/f/GU6jOUTf0AA
Diablo III: Eternal Collection,2.7.7.92380 + 13.3 GB,Blizzard Entertainment + Adventure,https://switchroms.io/diablo-iii-eternal-collection-nsp-xci-switch-rom-1/,DLC Unlocker v2.7.1.76692,1 MB,Up-4ever,https://switchroms.io/diablo-iii-eternal-collection-nsp-xci-switch-rom-1/?download=14,https://www.up-4ever.net/vte114d7wv3m
Diablo III: Eternal Collection,2.7.7.92380 + 13.3 GB,Blizzard Entertainment + Adventure,https://switchroms.io/diablo-iii-eternal-collection-nsp-xci-switch-rom-1/,DLC Unlocker v2.7.1.76692,1 MB,File-upload,https://switchroms.io/diablo-iii-eternal-collection-nsp-xci-switch-rom-1/?download=15,https://www.file-upload.org/9fehzbpodmdl
Diablo III: Eternal Collection,2.7.7.92380 + 13.3 GB,Blizzard Entertainment + Adventure,https://switchroms.io/diablo-iii-eternal-collection-nsp-xci-switch-rom-1/,DLC Unlocker v2.7.1.76692,1 MB,Send.cm,https://switchroms.io/diablo-iii-eternal-collection-nsp-xci-switch-rom-1/?download=16,https://send.cm/7ulitvm7tel3
Diablo III: Eternal Collection,2.7.7.92380 + 13.3 GB,Blizzard Entertainment + Adventure,https://switchroms.io/diablo-iii-eternal-collection-nsp-xci-switch-rom-1/,DLC Unlocker v2.7.1.76692,1 MB,1fichier,https://switchroms.io/diablo-iii-eternal-collection-nsp-xci-switch-rom-1/?download=17,https://1fichier.com/?lq21ifv5xe4ugwbidbhe
Diablo III: Eternal Collection,2.7.7.92380 + 13.3 GB,Blizzard Entertainment + Adventure,https://switchroms.io/diablo-iii-eternal-collection-nsp-xci-switch-rom-1/,DLC Unlocker v2.7.1.76692,1 MB,Qiwi.gg,https://switchroms.io/diablo-iii-eternal-collection-nsp-xci-switch-rom-1/?download=18,https://qiwi.gg/file/tMJz9071-DLC-DiabloIIIEternalCollectionDLCUnlockerv2
Diablo III: Eternal Collection,2.7.7.92380 + 13.3 GB,Blizzard Entertainment + Adventure,https://switchroms.io/diablo-iii-eternal-collection-nsp-xci-switch-rom-1/,DLC Unlocker v2.7.1.76692,1 MB,Megaup,https://switchroms.io/diablo-iii-eternal-collection-nsp-xci-switch-rom-1/?download=19,https://megaup.net/c4827eee2e9161b5665ffc8e12d59cf7/DLC_-_Diablo_III_Eternal_Collection_[DLC_Unlocker_v2.7.1.76692]_NSP[switchroms.io].zip
Diablo III: Eternal Collection,2.7.7.92380 + 13.3 GB,Blizzard Entertainment + Adventure,https://switchroms.io/diablo-iii-eternal-collection-nsp-xci-switch-rom-1/,DLC United Kingdom English Language Pack,5.0 GB,Buzzheavier,https://switchroms.io/diablo-iii-eternal-collection-nsp-xci-switch-rom-1/?download=20,https://buzzheavier.com/f/GU6qQmRpAAA
Diablo III: Eternal Collection,2.7.7.92380 + 13.3 GB,Blizzard Entertainment + Adventure,https://switchroms.io/diablo-iii-eternal-collection-nsp-xci-switch-rom-1/,DLC United Kingdom English Language Pack,5.0 GB,Up-4ever,https://switchroms.io/diablo-iii-eternal-collection-nsp-xci-switch-rom-1/?download=21,https://www.up-4ever.net/r1af0hh2ctcu
Diablo III: Eternal Collection,2.7.7.92380 + 13.3 GB,Blizzard Entertainment + Adventure,https://switchroms.io/diablo-iii-eternal-collection-nsp-xci-switch-rom-1/,DLC United Kingdom English Language Pack,5.0 GB,1fichier,https://switchroms.io/diablo-iii-eternal-collection-nsp-xci-switch-rom-1/?download=22,https://1fichier.com/?4o6lhyl846dytn378ycf
Diablo III: Eternal Collection,2.7.7.92380 + 13.3 GB,Blizzard Entertainment + Adventure,https://switchroms.io/diablo-iii-eternal-collection-nsp-xci-switch-rom-1/,DLC United Kingdom English Language Pack,5.0 GB,Send.cm,https://switchroms.io/diablo-iii-eternal-collection-nsp-xci-switch-rom-1/?download=23,https://send.cm/jwzu6k5hizgy
Diablo III: Eternal Collection,2.7.7.92380 + 13.3 GB,Blizzard Entertainment + Adventure,https://switchroms.io/diablo-iii-eternal-collection-nsp-xci-switch-rom-1/,DLC United Kingdom English Language Pack,5.0 GB,Qiwi.gg,https://switchroms.io/diablo-iii-eternal-collection-nsp-xci-switch-rom-1/?download=24,https://qiwi.gg/file/8UEN3767-DLC-DiabloIIIEternalCollectionDLCUnitedKingdomEnglishLanguagePackswitchrom
Diablo III: Eternal Collection,2.7.7.92380 + 13.3 GB,Blizzard Entertainment + Adventure,https://switchroms.io/diablo-iii-eternal-collection-nsp-xci-switch-rom-1/,DLC Russian Language Pack,5.6 GB,Buzzheavier,https://switchroms.io/diablo-iii-eternal-collection-nsp-xci-switch-rom-1/?download=25,https://buzzheavier.com/f/GU6qQjjpAAA
Diablo III: Eternal Collection,2.7.7.92380 + 13.3 GB,Blizzard Entertainment + Adventure,https://switchroms.io/diablo-iii-eternal-collection-nsp-xci-switch-rom-1/,DLC Russian Language Pack,5.6 GB,1fichier,https://switchroms.io/diablo-iii-eternal-collection-nsp-xci-switch-rom-1/?download=26,https://1fichier.com/?igxe5b0rhfa9v0d1sbmt
Diablo III: Eternal Collection,2.7.7.92380 + 13.3 GB,Blizzard Entertainment + Adventure,https://switchroms.io/diablo-iii-eternal-collection-nsp-xci-switch-rom-1/,DLC Russian Language Pack,5.6 GB,Qiwi.gg,https://switchroms.io/diablo-iii-eternal-collection-nsp-xci-switch-rom-1/?download=27,https://qiwi.gg/file/fDH81672-DLC-DiabloIIIEternalCollectionDLCRussianLanguagePackswitchrom
Diablo III: Eternal Collection,2.7.7.92380 + 13.3 GB,Blizzard Entertainment + Adventure,https://switchroms.io/diablo-iii-eternal-collection-nsp-xci-switch-rom-1/,DLC Russian Language Pack,5.6 GB,Send.cm,https://switchroms.io/diablo-iii-eternal-collection-nsp-xci-switch-rom-1/?download=28,https://send.cm/68f0t189ukh0
Diablo III: Eternal Collection,2.7.7.92380 + 13.3 GB,Blizzard Entertainment + Adventure,https://switchroms.io/diablo-iii-eternal-collection-nsp-xci-switch-rom-1/,DLC Russian Language Pack,5.6 GB,Up-4ever,https://switchroms.io/diablo-iii-eternal-collection-nsp-xci-switch-rom-1/?download=29,https://www.up-4ever.net/10f8npelxqbt
Diablo III: Eternal Collection,2.7.7.92380 + 13.3 GB,Blizzard Entertainment + Adventure,https://switchroms.io/diablo-iii-eternal-collection-nsp-xci-switch-rom-1/,DLC French Language Pack,5.3 GB,Qiwi.gg,https://switchroms.io/diablo-iii-eternal-collection-nsp-xci-switch-rom-1/?download=30,https://qiwi.gg/file/debX1662-DLC-DiabloIIIEternalCollectionDLCFrenchLanguagePack1001b300b9bf005switchrom
Diablo III: Eternal Collection,2.7.7.92380 + 13.3 GB,Blizzard Entertainment + Adventure,https://switchroms.io/diablo-iii-eternal-collection-nsp-xci-switch-rom-1/,DLC French Language Pack,5.3 GB,Buzzheavier,https://switchroms.io/diablo-iii-eternal-collection-nsp-xci-switch-rom-1/?download=31,https://buzzheavier.com/f/GU6qQiZpAAA
Diablo III: Eternal Collection,2.7.7.92380 + 13.3 GB,Blizzard Entertainment + Adventure,https://switchroms.io/diablo-iii-eternal-collection-nsp-xci-switch-rom-1/,DLC French Language Pack,5.3 GB,1fichier,https://switchroms.io/diablo-iii-eternal-collection-nsp-xci-switch-rom-1/?download=32,https://1fichier.com/?o1p9dwo6uqfsd6h5pglf
Diablo III: Eternal Collection,2.7.7.92380 + 13.3 GB,Blizzard Entertainment + Adventure,https://switchroms.io/diablo-iii-eternal-collection-nsp-xci-switch-rom-1/,DLC French Language Pack,5.3 GB,Up-4ever,https://switchroms.io/diablo-iii-eternal-collection-nsp-xci-switch-rom-1/?download=33,https://www.up-4ever.net/izgfo3cimn23
